Workbook

Sheet Ringkasan
B1: INDEKS BEBAN TUGAS BERWAJARAN: NEGERI BESAR KEMAS
B2: Kerangka wajaran HQ (fail negeri sederhana v3) digunakan ke atas Sarawak, Sabah, Johor dan Perak. Indeks 1.00 = purata 5 negeri sederhana (Selangor, Kedah, Pahang, Terengganu, Kelantan).
B3: Versi 1.3 | 23 September 2026 | Kumpulan 4 Negeri Besar | Data agregat sahaja (tiada data peribadi)
B5: PANEL KAWALAN (ubah sel kuning sahaja; semua sheet dikira semula secara automatik)
B6: Sumber garis asas | C6: Nasional | D6: Nasional (lalai) = satu sumber kebangsaan untuk semua 9 negeri jika ada (BPAK Mei 2026, PPPAK, PKEM 2026, DOSM). Data HQ = nilai negeri sederhana seperti dalam fail HQ; negeri besar guna data negeri (L1).
B7: Had nisbah maksimum | C7: 99 | D7: 99 = tiada had. Uji 3.0 untuk hadkan kesan nilai ekstrem (contoh: kampung Sarawak, keluasan Sarawak).
B8: Minimum negeri sederhana untuk garis asas sah | C8: 3 | D8: Garis asas sub-kriteria sah hanya jika sekurang-kurangnya bilangan ini negeri sederhana mempunyai nilai berangka.
B9: Wajaran Pendidikan Awal Kanak-Kanak (HQ) | C9: 0.2 | D9: Wajaran asal HQ.
B10: Wajaran Kemahiran (HQ) | C10: 0.15 | D10: Wajaran asal HQ.
B11: Wajaran Komuniti (HQ) | C11: 0.15 | D11: Wajaran asal HQ.
B12: Wajaran Pengurusan (HQ) | C12: 0.5 | D12: Wajaran asal HQ.
B13: Jumlah wajaran HQ (semakan) | C13: =SUM(C9:C12) -> 1 | D13: =IF(ABS(C13-1)<0.00001,"OK: jumlah wajaran 100%","SEMAK: jumlah wajaran bukan 100%") -> OK: jumlah wajaran 100%
B14: Wajaran keluasan kawasan (Senario B) | C14: 0.1 | D14: Cadangan Kumpulan 4. Wajaran HQ didarab (1 - nilai ini) dalam Senario B.
B16: KEPUTUSAN (dikira daripada sheet Skor Senario A dan Senario B Geografi)
B17: Negeri | C17: Kategori | D17: Indeks Senario A (wajaran HQ) | E17: Kedudukan A | F17: Indeks Senario B (+ keluasan) | G17: Kedudukan B | H17: Indeks tanpa Pengurusan | I17: Sub-kriteria diskor (/23) | J17: Liputan berwajaran
B18: Sarawak | C18: Negeri besar | D18: ='Skor Senario A'!I38 -> 2.1751619 | E18: ='Skor Senario A'!I39 -> 1 | F18: ='Senario B Geografi'!D20 -> 2.7176458 | G18: ='Senario B Geografi'!D21 -> 1 | H18: ='Skor Senario A'!I42 -> 2.2238989 | I18: ='Skor Senario A'!I40 -> 17 | J18: ='Skor Senario A'!I41 -> 0.60535714
B19: Sabah | C19: Negeri besar | D19: ='Skor Senario A'!J38 -> 1.6796733 | E19: ='Skor Senario A'!J39 -> 2 | F19: ='Senario B Geografi'!E20 -> 1.9630281 | G19: ='Senario B Geografi'!E21 -> 2 | H19: ='Skor Senario A'!J42 -> 1.94058 | I19: ='Skor Senario A'!J40 -> 17 | J19: ='Skor Senario A'!J41 -> 0.60535714
B20: Johor | C20: Negeri besar | D20: ='Skor Senario A'!K38 -> 1.1525912 | E20: ='Skor Senario A'!K39 -> 5 | F20: ='Senario B Geografi'!F20 -> 1.154645 | G20: ='Senario B Geografi'!F21 -> 5 | H20: ='Skor Senario A'!K42 -> 1.5511037 | I20: ='Skor Senario A'!K40 -> 17 | J20: ='Skor Senario A'!K41 -> 0.60535714
B21: Perak | C21: Negeri besar | D21: ='Skor Senario A'!L38 -> 1.4753356 | E21: ='Skor Senario A'!L39 -> 3 | F21: ='Senario B Geografi'!G20 -> 1.45626 | G21: ='Senario B Geografi'!G21 -> 3 | H21: ='Skor Senario A'!L42 -> 1.3094327 | I21: ='Skor Senario A'!L40 -> 17 | J21: ='Skor Senario A'!L41 -> 0.60535714
B22: Selangor | C22: Negeri sederhana | D22: ='Skor Senario A'!M38 -> 1.2214652 | E22: ='Skor Senario A'!M39 -> 4 | F22: ='Senario B Geografi'!H20 -> 1.1488088 | G22: ='Senario B Geografi'!H21 -> 6 | H22: ='Skor Senario A'!M42 -> 1.1863195 | I22: ='Skor Senario A'!M40 -> 17 | J22: ='Skor Senario A'!M41 -> 0.60535714
B23: Kedah | C23: Negeri sederhana | D23: ='Skor Senario A'!N38 -> 1.1200029 | E23: ='Skor Senario A'!N39 -> 6 | F23: ='Senario B Geografi'!I20 -> 1.0660179 | G23: ='Senario B Geografi'!I21 -> 7 | H23: ='Skor Senario A'!N42 -> 1.1249017 | I23: ='Skor Senario A'!N40 -> 16 | J23: ='Skor Senario A'!N41 -> 0.56785714
B24: Pahang | C24: Negeri sederhana | D24: ='Skor Senario A'!O38 -> 1.0647537 | E24: ='Skor Senario A'!O39 -> 7 | F24: ='Senario B Geografi'!J20 -> 1.1789623 | G24: ='Senario B Geografi'!J21 -> 4 | H24: ='Skor Senario A'!O42 -> 0.98007785 | I24: ='Skor Senario A'!O40 -> 16 | J24: ='Skor Senario A'!O41 -> 0.56785714
B25: Terengganu | C25: Negeri sederhana | D25: ='Skor Senario A'!P38 -> 0.91250007 | E25: ='Skor Senario A'!P39 -> 8 | F25: ='Senario B Geografi'!K20 -> 0.90085311 | G25: ='Senario B Geografi'!K21 -> 8 | H25: ='Skor Senario A'!P42 -> 0.80927933 | I25: ='Skor Senario A'!P40 -> 17 | J25: ='Skor Senario A'!P41 -> 0.60535714
B26: Kelantan | C26: Negeri sederhana | D26: ='Skor Senario A'!Q38 -> 0.68929827 | E26: ='Skor Senario A'!Q39 -> 9 | F26: ='Senario B Geografi'!L20 -> 0.71257608 | G26: ='Senario B Geografi'!L21 -> 9 | H26: ='Skor Senario A'!Q42 -> 0.91546185 | I26: ='Skor Senario A'!Q40 -> 17 | J26: ='Skor Senario A'!Q41 -> 0.60535714
B27: Purata 5 negeri sederhana | D27: =AVERAGE(D22:D26) -> 1.001604 | F27: =AVERAGE(F22:F26) -> 1.0014436 | H27: =AVERAGE(H22:H26) -> 1.0032081 | I27: =AVERAGE(I22:I26) -> 16.6 | J27: =AVERAGE(J22:J26) -> 0.59035714
B28: Purata 4 negeri besar | D28: =AVERAGE(D18:D21) -> 1.6206905 | F28: =AVERAGE(F18:F21) -> 1.8228947 | H28: =AVERAGE(H18:H21) -> 1.7562538 | I28: =AVERAGE(I18:I21) -> 17 | J28: =AVERAGE(J18:J21) -> 0.60535714
B29: ="Tafsiran: Senario A, Sarawak "&TEXT(D18,"0.00")&"x, Sabah "&TEXT(D19,"0.00")&"x, Johor "&TEXT(D20,"0.00")&"x dan Perak "&TEXT(D21,"0.00")&"x purata negeri sederhana. Senario B: "&TEXT(F18,"0.00")&"x, "&TEXT(F19,"0.00")&"x, "&TEXT(F20,"0.00")&"x dan "&TEXT(F21,"0.00")&"x. Liputan data: "&TEXT(J18,"0%")&" kerangka HQ (ikut wajaran)." -> Tafsiran: Senario A, Sarawak 2.18x, Sabah 1.68x, Johor 1.15x dan Perak 1.48x purata negeri sederhana. Senario B: 2.72x, 1.96x, 1.15x dan 1.46x. Liputan data: 61% kerangka HQ (ikut wajaran).
B52: CATATAN UTAMA
B53: 1 TAFSIRAN INDEKS | C53: Indeks 1.00 = purata 5 negeri sederhana dalam fail HQ. Indeks 2.00 bermaksud beban tugas berwajaran dua kali ganda purata negeri sederhana.
B54: 2 ASAS SKOR | C54: Skor dikira hanya pada sub-kriteria yang ada data untuk keempat-empat negeri besar dan sekurang-kurangnya 3 negeri sederhana (parameter; set yang sama untuk 9 negeri). Sub-kriteria lain ditanda [DATA BELUM DIKEMUKAKAN] dan diminta melalui sheet Borang Negeri; indeks dikira semula secara automatik apabila borang diisi.
B55: 3 PENGURUSAN 50% | C55: Pengurusan (50%) kini diwakili oleh perjawatan sahaja kerana data aset, bajet, baucer dan projek belum ada (dan HQ sendiri hanya ada 1 hingga 2 negeri sederhana). Rujuk lajur Indeks tanpa Pengurusan sebagai semakan kepekaan.
B56: 4 SUIS SUMBER | C56: Suis Sumber garis asas: Nasional (lalai) guna satu sumber kebangsaan untuk semua 9 negeri; Data HQ guna nilai negeri sederhana seperti dalam fail HQ.
B57: 5 SENARIO B | C57: Senario B ialah cadangan Kumpulan 4 (faktor keluasan 10%), bukan sebahagian kerangka HQ asal.
B58: 6 SABAH DAN JOHOR | C58: Sabah: kampung ialah had bawah (4 daerah dan kampung Semporna belum diisi dalam L1). Perjawatan Sabah dan Johor ialah anggaran L4; Sabah belum disahkan.
B59: 7 RUJUKAN | C59: Butiran kaedah, sumber dan had data: sheet Kaedah & Sumber.

Sheet Matriks Negeri Besar
A1: MATRIKS WAJARAN NEGERI BESAR (FORMAT HQ)
A2: ="Kerangka: HQ - wajaran negeri sederhana v3 | Sumber garis asas: "&P_SUMBER&" | Nilai dipautkan dari sheet Data 9 Negeri (blok D)" -> Kerangka: HQ - wajaran negeri sederhana v3 | Sumber garis asas: Nasional | Nilai dipautkan dari sheet Data 9 Negeri (blok D)
D4: Negeri
A5: Bil. | B5: Kriteria | C5: Sub Kriteria | D5: Sarawak | E5: Sabah | F5: Johor | G5: Perak | H5: Wajaran | I5: Penerangan | J5: Sumber data dan catatan | K5: Purata 5 negeri sederhana (garis asas) | L5: Diskor?
A6: 1 | B6: Pendidikan Awal Kanak-Kanak | C6: Bilangan kelas TABIKA | D6: =IF(ISNUMBER('Data 9 Negeri'!D80),'Data 9 Negeri'!D80,"[DATA BELUM DIKEMUKAKAN]") -> 1300 | E6: =IF(ISNUMBER('Data 9 Negeri'!E80),'Data 9 Negeri'!E80,"[DATA BELUM DIKEMUKAKAN]") -> 1402 | F6: =IF(ISNUMBER('Data 9 Negeri'!F80),'Data 9 Negeri'!F80,"[DATA BELUM DIKEMUKAKAN]") -> 1162 | G6: =IF(ISNUMBER('Data 9 Negeri'!G80),'Data 9 Negeri'!G80,"[DATA BELUM DIKEMUKAKAN]") -> 804 | H6: =W_PAKK -> 0.2 | I6: Jumlah kelas TABIKA yang perlu diurus, diselia dan dipantau. | J6: BPAK Data Kelas TABIKA 2026 (Mei 2026). | K6: =IF(ISNUMBER('Skor Senario A'!D6),'Skor Senario A'!D6,"Belum sah (data HQ kurang)") -> 860.6 | L6: ='Skor Senario A'!H6 -> YA
C7: Bilangan kelas TASKA | D7: =IF(ISNUMBER('Data 9 Negeri'!D81),'Data 9 Negeri'!D81,"[DATA BELUM DIKEMUKAKAN]") -> 85 | E7: =IF(ISNUMBER('Data 9 Negeri'!E81),'Data 9 Negeri'!E81,"[DATA BELUM DIKEMUKAKAN]") -> 67 | F7: =IF(ISNUMBER('Data 9 Negeri'!F81),'Data 9 Negeri'!F81,"[DATA BELUM DIKEMUKAKAN]") -> 59 | G7: =IF(ISNUMBER('Data 9 Negeri'!G81),'Data 9 Negeri'!G81,"[DATA BELUM DIKEMUKAKAN]") -> 44 | I7: Jumlah kelas TASKA yang perlu diurus, diselia dan dipantau. | J7: BPAK Data Kelas TASKA 2026 (Mei 2026). | K7: =IF(ISNUMBER('Skor Senario A'!D7),'Skor Senario A'!D7,"Belum sah (data HQ kurang)") -> 39.6 | L7: ='Skor Senario A'!H7 -> YA
C8: Bilangan guru TABIKA | D8: =IF(ISNUMBER('Data 9 Negeri'!D82),'Data 9 Negeri'!D82,"[DATA BELUM DIKEMUKAKAN]") -> 1291 | E8: =IF(ISNUMBER('Data 9 Negeri'!E82),'Data 9 Negeri'!E82,"[DATA BELUM DIKEMUKAKAN]") -> 1349 | F8: =IF(ISNUMBER('Data 9 Negeri'!F82),'Data 9 Negeri'!F82,"[DATA BELUM DIKEMUKAKAN]") -> 1043 | G8: =IF(ISNUMBER('Data 9 Negeri'!G82),'Data 9 Negeri'!G82,"[DATA BELUM DIKEMUKAKAN]") -> 757 | I8: Jumlah tenaga pengajar yang berada di bawah penyeliaan TABIKA | J8: BPAK: jumlah PM TABIKA gred S5 + S1 (kontrak dan JSKT). | K8: =IF(ISNUMBER('Skor Senario A'!D8),'Skor Senario A'!D8,"Belum sah (data HQ kurang)") -> 819 | L8: ='Skor Senario A'!H8 -> YA
C9: Bilangan guru TASKA | D9: =IF(ISNUMBER('Data 9 Negeri'!D83),'Data 9 Negeri'!D83,"[DATA BELUM DIKEMUKAKAN]") -> 249 | E9: =IF(ISNUMBER('Data 9 Negeri'!E83),'Data 9 Negeri'!E83,"[DATA BELUM DIKEMUKAKAN]") -> 206 | F9: =IF(ISNUMBER('Data 9 Negeri'!F83),'Data 9 Negeri'!F83,"[DATA BELUM DIKEMUKAKAN]") -> 179 | G9: =IF(ISNUMBER('Data 9 Negeri'!G83),'Data 9 Negeri'!G83,"[DATA BELUM DIKEMUKAKAN]") -> 149 | I9: Jumlah tenaga pengajar yang berada di bawah penyeliaan TASKA (†) | J9: BPAK: jumlah PM TASKA gred S5 + S1 (kontrak dan JSKT). | K9: =IF(ISNUMBER('Skor Senario A'!D9),'Skor Senario A'!D9,"Belum sah (data HQ kurang)") -> 140.2 | L9: ='Skor Senario A'!H9 -> YA
C10: Bilangan pembantu | D10: =IF(ISNUMBER('Data 9 Negeri'!D84),'Data 9 Negeri'!D84,"[DATA BELUM DIKEMUKAKAN]") -> 1263 | E10: =IF(ISNUMBER('Data 9 Negeri'!E84),'Data 9 Negeri'!E84,"[DATA BELUM DIKEMUKAKAN]") -> 1465 | F10: =IF(ISNUMBER('Data 9 Negeri'!F84),'Data 9 Negeri'!F84,"[DATA BELUM DIKEMUKAKAN]") -> 1223 | G10: =IF(ISNUMBER('Data 9 Negeri'!G84),'Data 9 Negeri'!G84,"[DATA BELUM DIKEMUKAKAN]") -> 849 | I10: Jumlah tenaga pembantu yang berada di bawah penyeliaan | J10: Borang B1 diisi lengkap oleh Sarawak, Sabah, Johor dan Perak (disahkan Sept 2026). Rujukan L4 (tidak setara takrif HQ): Sarawak 19, Sabah ±19, Johor 7, Perak 2. | K10: =IF(ISNUMBER('Skor Senario A'!D10),'Skor Senario A'!D10,"Belum sah (data HQ kurang)") -> 892.6 | L10: ='Skor Senario A'!H10 -> YA
C11: Bilangan murid TABIKA | D11: =IF(ISNUMBER('Data 9 Negeri'!D85),'Data 9 Negeri'!D85,"[DATA BELUM DIKEMUKAKAN]") -> 16243 | E11: =IF(ISNUMBER('Data 9 Negeri'!E85),'Data 9 Negeri'!E85,"[DATA BELUM DIKEMUKAKAN]") -> 26211 | F11: =IF(ISNUMBER('Data 9 Negeri'!F85),'Data 9 Negeri'!F85,"[DATA BELUM DIKEMUKAKAN]") -> 23984 | G11: =IF(ISNUMBER('Data 9 Negeri'!G85),'Data 9 Negeri'!G85,"[DATA BELUM DIKEMUKAKAN]") -> 15211 | I11: Jumlah murid yang menerima perkhidmatan pendidikan awal kanak-kanak (TABIKA) | J11: Borang B2 diisi lengkap oleh Sarawak, Sabah, Johor dan Perak (disahkan Sept 2026). | K11: =IF(ISNUMBER('Skor Senario A'!D11),'Skor Senario A'!D11,"Belum sah (data HQ kurang)") -> 18423.4 | L11: ='Skor Senario A'!H11 -> YA
C12: Bilangan murid TASKA | D12: =IF(ISNUMBER('Data 9 Negeri'!D86),'Data 9 Negeri'!D86,"[DATA BELUM DIKEMUKAKAN]") -> 1209 | E12: =IF(ISNUMBER('Data 9 Negeri'!E86),'Data 9 Negeri'!E86,"[DATA BELUM DIKEMUKAKAN]") -> 1397 | F12: =IF(ISNUMBER('Data 9 Negeri'!F86),'Data 9 Negeri'!F86,"[DATA BELUM DIKEMUKAKAN]") -> 1104 | G12: =IF(ISNUMBER('Data 9 Negeri'!G86),'Data 9 Negeri'!G86,"[DATA BELUM DIKEMUKAKAN]") -> 878 | I12: Jumlah murid yang menerima perkhidmatan pendidikan awal kanak-kanak (TASKA) | J12: Borang B3 diisi lengkap oleh Sarawak, Sabah, Johor dan Perak (disahkan Sept 2026). | K12: =IF(ISNUMBER('Skor Senario A'!D12),'Skor Senario A'!D12,"Belum sah (data HQ kurang)") -> 795.8 | L12: ='Skor Senario A'!H12 -> YA
C13: Bilangan penyelia daerah | D13: =IF(ISNUMBER('Data 9 Negeri'!D87),'Data 9 Negeri'!D87,"[DATA BELUM DIKEMUKAKAN]") -> 37 | E13: =IF(ISNUMBER('Data 9 Negeri'!E87),'Data 9 Negeri'!E87,"[DATA BELUM DIKEMUKAKAN]") -> 36 | F13: =IF(ISNUMBER('Data 9 Negeri'!F87),'Data 9 Negeri'!F87,"[DATA BELUM DIKEMUKAKAN]") -> 20 | G13: =IF(ISNUMBER('Data 9 Negeri'!G87),'Data 9 Negeri'!G87,"[DATA BELUM DIKEMUKAKAN]") -> 21 | I13: Jumlah penyelia yang bertanggungjawab terhadap pemantauan dan penyelarasan di peringkat daerah. | J13: PPPAK: Rumusan Pengisian, lajur Pengisian. | K13: =IF(ISNUMBER('Skor Senario A'!D13),'Skor Senario A'!D13,"Belum sah (data HQ kurang)") -> 17 | L13: ='Skor Senario A'!H13 -> YA
A14: 2 | B14: Kemahiran | C14: Bilangan kelas | D14: =IF(ISNUMBER('Data 9 Negeri'!D88),'Data 9 Negeri'!D88,"[DATA BELUM DIKEMUKAKAN]") -> 158 | E14: =IF(ISNUMBER('Data 9 Negeri'!E88),'Data 9 Negeri'!E88,"[DATA BELUM DIKEMUKAKAN]") -> 230 | F14: =IF(ISNUMBER('Data 9 Negeri'!F88),'Data 9 Negeri'!F88,"[DATA BELUM DIKEMUKAKAN]") -> 201 | G14: =IF(ISNUMBER('Data 9 Negeri'!G88),'Data 9 Negeri'!G88,"[DATA BELUM DIKEMUKAKAN]") -> 190 | H14: =W_KEM -> 0.15 | I14: Jumlah kelas atau aktiviti kemahiran yang dilaksanakan. | J14: PKEM 2026: bilangan rekod kelas (sheet PREMIS). Sabah: 543 disahkan terus negeri (Sept 2026), menggantikan anggaran PKEM 230 bagi Sabah sahaja; Sarawak, Johor dan Perak kekal guna anggaran PKEM. | K14: =IF(ISNUMBER('Skor Senario A'!D14),'Skor Senario A'!D14,"Belum sah (data HQ kurang)") -> 108 | L14: ='Skor Senario A'!H14 -> YA
C15: Bilangan program / aktiviti | D15: =IF(ISNUMBER('Data 9 Negeri'!D89),'Data 9 Negeri'!D89,"[DATA BELUM DIKEMUKAKAN]") -> 125 | E15: =IF(ISNUMBER('Data 9 Negeri'!E89),'Data 9 Negeri'!E89,"[DATA BELUM DIKEMUKAKAN]") -> 230 | F15: =IF(ISNUMBER('Data 9 Negeri'!F89),'Data 9 Negeri'!F89,"[DATA BELUM DIKEMUKAKAN]") -> 278 | G15: =IF(ISNUMBER('Data 9 Negeri'!G89),'Data 9 Negeri'!G89,"[DATA BELUM DIKEMUKAKAN]") -> 159 | I15: Jumlah program kemahiran yang perlu dirancang, diselaras dan dipantau. | J15: Borang B4 diisi lengkap oleh Sarawak, Sabah, Johor (Sept 2026) dan Perak (kemas kini 23 Sept 2026, v1.3). | K15: =IF(ISNUMBER('Skor Senario A'!D15),'Skor Senario A'!D15,"Belum sah (data HQ kurang)") -> 112.4 | L15: ='Skor Senario A'!H15 -> YA
C16: Bilangan guru | D16: =IF(ISNUMBER('Data 9 Negeri'!D90),'Data 9 Negeri'!D90,"[DATA BELUM DIKEMUKAKAN]") -> 68 | E16: =IF(ISNUMBER('Data 9 Negeri'!E90),'Data 9 Negeri'!E90,"[DATA BELUM DIKEMUKAKAN]") -> 112 | F16: =IF(ISNUMBER('Data 9 Negeri'!F90),'Data 9 Negeri'!F90,"[DATA BELUM DIKEMUKAKAN]") -> 88 | G16: =IF(ISNUMBER('Data 9 Negeri'!G90),'Data 9 Negeri'!G90,"[DATA BELUM DIKEMUKAKAN]") -> 92 | I16: Jumlah tenaga pengajar yang terlibat dalam program kemahiran. | J16: PKEM 2026: bilangan PM kemahiran (sheet PM). | K16: =IF(ISNUMBER('Skor Senario A'!D16),'Skor Senario A'!D16,"Belum sah (data HQ kurang)") -> 60.2 | L16: ='Skor Senario A'!H16 -> YA
C17: Bilangan peserta | D17: =IF(ISNUMBER('Data 9 Negeri'!D91),'Data 9 Negeri'!D91,"[DATA BELUM DIKEMUKAKAN]") -> 2496 | E17: =IF(ISNUMBER('Data 9 Negeri'!E91),'Data 9 Negeri'!E91,"[DATA BELUM DIKEMUKAKAN]") -> 4081 | F17: =IF(ISNUMBER('Data 9 Negeri'!F91),'Data 9 Negeri'!F91,"[DATA BELUM DIKEMUKAKAN]") -> 2842 | G17: =IF(ISNUMBER('Data 9 Negeri'!G91),'Data 9 Negeri'!G91,"[DATA BELUM DIKEMUKAKAN]") -> 3261 | I17: Jumlah peserta yang mengikuti kelas atau program kemahiran. | J17: PKEM 2026: jumlah peserta (sheet PREMIS). Sebahagian kelas tiada angka peserta. | K17: =IF(ISNUMBER('Skor Senario A'!D17),'Skor Senario A'!D17,"Belum sah (data HQ kurang)") -> 1467.4 | L17: ='Skor Senario A'!H17 -> YA
A18: 3 | B18: Komuniti | C18: Bilangan kampung | D18: =IF(ISNUMBER('Data 9 Negeri'!D92),'Data 9 Negeri'!D92,"[DATA BELUM DIKEMUKAKAN]") -> 6906 | E18: =IF(ISNUMBER('Data 9 Negeri'!E92),IF('Data 9 Negeri'!$E$110="Lengkap",'Data 9 Negeri'!E92,"≥"&TEXT('Data 9 Negeri'!E92,"#,##0")),"[DATA BELUM DIKEMUKAKAN]") -> ≥2,558 | F18: =IF(ISNUMBER('Data 9 Negeri'!F92),'Data 9 Negeri'!F92,"[DATA BELUM DIKEMUKAKAN]") -> 631 | G18: =IF(ISNUMBER('Data 9 Negeri'!G92),'Data 9 Negeri'!G92,"[DATA BELUM DIKEMUKAKAN]") -> 1079 | H18: =W_KOM -> 0.15 | I18: Jumlah kampung atau lokaliti yang berada dalam liputan perkhidmatan KEMAS. | J18: ="L1 Profil Negeri (jumlah kampung / rumah panjang semua DUN). Sabah: "&IF('Data 9 Negeri'!$E$110="Lengkap","lengkap.","had bawah; Papar, Tenom, Sandakan, Lahad Datu dan kampung Semporna belum diisi (Borang bahagian B).") -> L1 Profil Negeri (jumlah kampung / rumah panjang semua DUN). Sabah: had bawah; Papar, Tenom, Sandakan, Lahad Datu dan kampung Semporna belum diisi (Borang bahagian B). | K18: =IF(ISNUMBER('Skor Senario A'!D18),'Skor Senario A'!D18,"Belum sah (data HQ kurang)") -> 1032.8 | L18: ='Skor Senario A'!H18 -> YA
C19: Bilangan populasi | D19: =IF(ISNUMBER('Data 9 Negeri'!D93),'Data 9 Negeri'!D93,"[DATA BELUM DIKEMUKAKAN]") -> 2509500 | E19: =IF(ISNUMBER('Data 9 Negeri'!E93),IF(AND(P_SUMBER<>"Nasional",'Data 9 Negeri'!$E$111<>"Lengkap"),"≥"&TEXT('Data 9 Negeri'!E93,"#,##0"),'Data 9 Negeri'!E93),"[DATA BELUM DIKEMUKAKAN]") -> 3592800 | F19: =IF(ISNUMBER('Data 9 Negeri'!F93),'Data 9 Negeri'!F93,"[DATA BELUM DIKEMUKAKAN]") -> 4100900 | G19: =IF(ISNUMBER('Data 9 Negeri'!G93),'Data 9 Negeri'!G93,"[DATA BELUM DIKEMUKAKAN]") -> 2540400 | I19: Jumlah penduduk yang menjadi kumpulan sasaran program pembangunan komuniti. | J19: =IF(P_SUMBER="Nasional","DOSM: anggaran penduduk semasa 2023, sumber yang sama untuk 9 negeri (suis Nasional).","L1 Profil Negeri: anggaran penduduk semua DUN (suis Data HQ). Sabah had bawah sehingga Borang bahagian B diisi.") -> DOSM: anggaran penduduk semasa 2023, sumber yang sama untuk 9 negeri (suis Nasional). | K19: =IF(ISNUMBER('Skor Senario A'!D19),'Skor Senario A'!D19,"Belum sah (data HQ kurang)") -> 2820500 | L19: ='Skor Senario A'!H19 -> YA
C20: Bilangan aktiviti / program | D20: =IF(ISNUMBER('Data 9 Negeri'!D94),'Data 9 Negeri'!D94,"[DATA BELUM DIKEMUKAKAN]") -> 382 | E20: =IF(ISNUMBER('Data 9 Negeri'!E94),'Data 9 Negeri'!E94,"[DATA BELUM DIKEMUKAKAN]") -> 219 | F20: =IF(ISNUMBER('Data 9 Negeri'!F94),'Data 9 Negeri'!F94,"[DATA BELUM DIKEMUKAKAN]") -> 217 | G20: =IF(ISNUMBER('Data 9 Negeri'!G94),'Data 9 Negeri'!G94,"[DATA BELUM DIKEMUKAKAN]") -> 175 | I20: Jumlah aktiviti dan program komuniti yang dilaksanakan dan perlu dipantau. (†) | J20: Borang B5 diisi lengkap oleh Sarawak, Sabah, Johor (Sept 2026) dan Perak (kemas kini 23 Sept 2026, v1.3). | K20: =IF(ISNUMBER('Skor Senario A'!D20),'Skor Senario A'!D20,"Belum sah (data HQ kurang)") -> 93 | L20: ='Skor Senario A'!H20 -> YA
C21: Bilangan peserta | D21: =IF(ISNUMBER('Data 9 Negeri'!D95),'Data 9 Negeri'!D95,"[DATA BELUM DIKEMUKAKAN]") -> 20010 | E21: =IF(ISNUMBER('Data 9 Negeri'!E95),'Data 9 Negeri'!E95,"[DATA BELUM DIKEMUKAKAN]") -> 4313 | F21: =IF(ISNUMBER('Data 9 Negeri'!F95),'Data 9 Negeri'!F95,"[DATA BELUM DIKEMUKAKAN]") -> 2546 | G21: =IF(ISNUMBER('Data 9 Negeri'!G95),'Data 9 Negeri'!G95,"[DATA BELUM DIKEMUKAKAN]") -> 8500 | I21: Jumlah peserta yang mengikuti aktiviti dan program komuniti. (†) | J21: Borang B6 diisi lengkap oleh Sarawak, Sabah, Johor (Sept 2026) dan Perak (v1.3). Belum diskor kerana garis asas HQ masih belum sah: hanya 2 negeri sederhana ada data. | K21: =IF(ISNUMBER('Skor Senario A'!D21),'Skor Senario A'!D21,"Belum sah (data HQ kurang)") -> Belum sah (data HQ kurang) | L21: ='Skor Senario A'!H21 -> TIDAK
A22: 4 | B22: Pengurusan | C22: Aset alih | D22: =IF(ISNUMBER('Data 9 Negeri'!D96),'Data 9 Negeri'!D96,"[DATA BELUM DIKEMUKAKAN]") -> 28630 | E22: =IF(ISNUMBER('Data 9 Negeri'!E96),'Data 9 Negeri'!E96,"[DATA BELUM DIKEMUKAKAN]") -> 36669 | F22: =IF(ISNUMBER('Data 9 Negeri'!F96),'Data 9 Negeri'!F96,"[DATA BELUM DIKEMUKAKAN]") -> [DATA BELUM DIKEMUKAKAN] | G22: =IF(ISNUMBER('Data 9 Negeri'!G96),'Data 9 Negeri'!G96,"[DATA BELUM DIKEMUKAKAN]") -> 30408 | H22: =W_PENG -> 0.5 | I22: Jumlah aset alih yang perlu diurus, direkod, diselenggara dan dipantau. | J22: Borang B7 diisi oleh Sarawak (28,630 item), Sabah (36,669 item = Harta Modal 1,747 + Aset Bernilai Rendah 34,922) dan Perak (30,408 item, v1.3); Johor belum. Garis asas HQ belum sah: Pahang sahaja. | K22: =IF(ISNUMBER('Skor Senario A'!D22),'Skor Senario A'!D22,"Belum sah (data HQ kurang)") -> Belum sah (data HQ kurang) | L22: ='Skor Senario A'!H22 -> TIDAK
C23: Aset tidak alih | D23: =IF(ISNUMBER('Data 9 Negeri'!D97),'Data 9 Negeri'!D97,"[DATA BELUM DIKEMUKAKAN]") -> [DATA BELUM DIKEMUKAKAN] | E23: =IF(ISNUMBER('Data 9 Negeri'!E97),'Data 9 Negeri'!E97,"[DATA BELUM DIKEMUKAKAN]") -> 1022 | F23: =IF(ISNUMBER('Data 9 Negeri'!F97),'Data 9 Negeri'!F97,"[DATA BELUM DIKEMUKAKAN]") -> 893 | G23: =IF(ISNUMBER('Data 9 Negeri'!G97),'Data 9 Negeri'!G97,"[DATA BELUM DIKEMUKAKAN]") -> 367 | I23: Jumlah premis, bangunan atau aset tidak alih di bawah tanggungjawab pengurusan. | J23: Borang B9 diisi oleh Sabah (1,022 = Milikan 245 + Tumpang 717 + Sewa 60), Johor (893) dan Perak (367, v1.3). Sarawak menyatakan "tiada jumlah negeri" (belum diisi). Garis asas HQ belum sah: Pahang dan Kelantan sahaja. | K23: =IF(ISNUMBER('Skor Senario A'!D23),'Skor Senario A'!D23,"Belum sah (data HQ kurang)") -> Belum sah (data HQ kurang) | L23: ='Skor Senario A'!H23 -> TIDAK
C24: Bajet (OE) | D24: =IF(ISNUMBER('Data 9 Negeri'!D98),'Data 9 Negeri'!D98,"[DATA BELUM DIKEMUKAKAN]") -> 6896060.2 | E24: =IF(ISNUMBER('Data 9 Negeri'!E98),'Data 9 Negeri'!E98,"[DATA BELUM DIKEMUKAKAN]") -> 76816482 | F24: =IF(ISNUMBER('Data 9 Negeri'!F98),'Data 9 Negeri'!F98,"[DATA BELUM DIKEMUKAKAN]") -> 101223814 | G24: =IF(ISNUMBER('Data 9 Negeri'!G98),'Data 9 Negeri'!G98,"[DATA BELUM DIKEMUKAKAN]") -> 87049719 | I24: Nilai dan skala peruntukan kewangan yang perlu diurus. | J24: Borang B10 diisi lengkap: Sarawak (RM6,896,060), Sabah (RM76,816,482), Johor (RM101,223,814) dan Perak (RM87,049,719, v1.3). Belum diskor kerana garis asas HQ belum sah: Pahang dan Kelantan sahaja. | K24: =IF(ISNUMBER('Skor Senario A'!D24),'Skor Senario A'!D24,"Belum sah (data HQ kurang)") -> Belum sah (data HQ kurang) | L24: ='Skor Senario A'!H24 -> TIDAK
C25: Bajet (DE) | D25: =IF(ISNUMBER('Data 9 Negeri'!D99),'Data 9 Negeri'!D99,"[DATA BELUM DIKEMUKAKAN]") -> 8351734.2 | E25: =IF(ISNUMBER('Data 9 Negeri'!E99),'Data 9 Negeri'!E99,"[DATA BELUM DIKEMUKAKAN]") -> 7031639 | F25: =IF(ISNUMBER('Data 9 Negeri'!F99),'Data 9 Negeri'!F99,"[DATA BELUM DIKEMUKAKAN]") -> 3911500 | G25: =IF(ISNUMBER('Data 9 Negeri'!G99),'Data 9 Negeri'!G99,"[DATA BELUM DIKEMUKAKAN]") -> 3038000 | I25: Nilai dan skala peruntukan pembangunan (DE) yang perlu diurus. (†) | J25: Borang B11 diisi lengkap: Sarawak (RM8,351,734), Sabah (RM7,031,639), Johor (RM3,911,500) dan Perak (RM3,038,000, v1.3). Belum diskor kerana garis asas HQ belum sah: Pahang dan Kelantan sahaja. | K25: =IF(ISNUMBER('Skor Senario A'!D25),'Skor Senario A'!D25,"Belum sah (data HQ kurang)") -> Belum sah (data HQ kurang) | L25: ='Skor Senario A'!H25 -> TIDAK
C26: Bilangan Baucer | D26: =IF(ISNUMBER('Data 9 Negeri'!D100),'Data 9 Negeri'!D100,"[DATA BELUM DIKEMUKAKAN]") -> 15000 | E26: =IF(ISNUMBER('Data 9 Negeri'!E100),'Data 9 Negeri'!E100,"[DATA BELUM DIKEMUKAKAN]") -> 3997 | F26: =IF(ISNUMBER('Data 9 Negeri'!F100),'Data 9 Negeri'!F100,"[DATA BELUM DIKEMUKAKAN]") -> 4825 | G26: =IF(ISNUMBER('Data 9 Negeri'!G100),'Data 9 Negeri'!G100,"[DATA BELUM DIKEMUKAKAN]") -> 7500 | I26: Mengukur kekerapan dan kompleksiti proses agihan serta pemantauan peruntukan ke daerah. | J26: Borang B12 diisi lengkap: Sarawak (15,000; v1.3, menggantikan julat "10-15K" yang dihantar sebelum ini), Sabah (3,997), Johor (4,825) dan Perak (7,500, v1.3). Belum diskor kerana garis asas HQ belum sah: Pahang sahaja. | K26: =IF(ISNUMBER('Skor Senario A'!D26),'Skor Senario A'!D26,"Belum sah (data HQ kurang)") -> Belum sah (data HQ kurang) | L26: ='Skor Senario A'!H26 -> TIDAK
C27: Bilangan projek dan program | D27: =IF(ISNUMBER('Data 9 Negeri'!D101),'Data 9 Negeri'!D101,"[DATA BELUM DIKEMUKAKAN]") -> 507 | E27: =IF(ISNUMBER('Data 9 Negeri'!E101),'Data 9 Negeri'!E101,"[DATA BELUM DIKEMUKAKAN]") -> 204 | F27: =IF(ISNUMBER('Data 9 Negeri'!F101),'Data 9 Negeri'!F101,"[DATA BELUM DIKEMUKAKAN]") -> 46 | G27: =IF(ISNUMBER('Data 9 Negeri'!G101),'Data 9 Negeri'!G101,"[DATA BELUM DIKEMUKAKAN]") -> 450 | I27: Jumlah projek dan program yang memerlukan penyelarasan, pemantauan dan pelaporan. | J27: Borang B14 diisi lengkap: Sarawak (507), Sabah (204), Johor (46) dan Perak (450, v1.3). Johor hantar "46 Projek, 657 PO"; hanya 46 (Projek) digunakan kerana takrif "PO" belum disahkan. | K27: =IF(ISNUMBER('Skor Senario A'!D27),'Skor Senario A'!D27,"Belum sah (data HQ kurang)") -> 200.4 | L27: ='Skor Senario A'!H27 -> YA
C28: Perjawatan / pengurusan pegawai | D28: =IF(ISNUMBER('Data 9 Negeri'!D102),'Data 9 Negeri'!D102,"[DATA BELUM DIKEMUKAKAN]") -> 2032 | E28: =IF(ISNUMBER('Data 9 Negeri'!E102),IF(ISNUMBER('Borang Negeri'!H28),'Data 9 Negeri'!E102,TEXT('Data 9 Negeri'!E102,"#,##0")&"*"),"[DATA BELUM DIKEMUKAKAN]") -> 2,146* | F28: =IF(ISNUMBER('Data 9 Negeri'!F102),IF(ISNUMBER('Borang Negeri'!I28),'Data 9 Negeri'!F102,TEXT('Data 9 Negeri'!F102,"#,##0")&"*"),"[DATA BELUM DIKEMUKAKAN]") -> 1,508* | G28: =IF(ISNUMBER('Data 9 Negeri'!G102),'Data 9 Negeri'!G102,"[DATA BELUM DIKEMUKAKAN]") -> 1223 | I28: Jumlah pegawai dan kompleksiti urusan sumber manusia, pentadbiran dan penyeliaan. | J28: L3/L4 negeri (Kertas Cadangan v2.3): Sarawak dan Perak L3; Johor dan Sabah anggaran L4 (*), Sabah belum disahkan. Pengesahan melalui Borang B15. | K28: =IF(ISNUMBER('Skor Senario A'!D28),'Skor Senario A'!D28,"Belum sah (data HQ kurang)") -> 1179.4 | L28: ='Skor Senario A'!H28 -> YA
A29: JUMLAH KESELURUHAN | H29: =SUM(H6:H28) -> 1
A31: PETUNJUK MEMBACA MATRIKS
A32: Bil. | B32: Contoh paparan | D32: Maksud
A33: 1 | B33: [DATA BELUM DIKEMUKAKAN] | D33: Negeri belum mengemukakan data ikut takrif HQ; diminta melalui sheet Borang Negeri. Model dikira semula secara automatik apabila borang diisi.
A34: 2 | B34: ≥2,558 | D34: Had bawah: data negeri belum lengkap (contoh kampung Sabah, 4 daerah dan kampung Semporna belum diisi dalam L1).
A35: 3 | B35: 2,146* | D35: Anggaran L4 yang belum disahkan (perjawatan Sabah dan Johor); pengesahan melalui Borang B15.
A36: 4 | B36: YA / TIDAK | D36: Lajur Diskor?: YA = sub-kriteria dimasukkan dalam skor; TIDAK = data belum cukup (lihat sheet Skor Senario A).
A37: 5 | B37: Penerangan (†) | D37: Teks penerangan dibetulkan atau dilengkapkan daripada fail HQ (teks asal tersalin atau kosong); lihat Kaedah & Sumber bahagian 6.
A38: 6 | B38: Suis sumber | D38: Nilai negeri besar mengikut suis Sumber garis asas di sheet Ringkasan (kesan pada baris populasi sahaja; baris lain guna sumber yang sama dalam kedua-dua suis).

Sheet Skor Senario A
A1: SKOR SENARIO A: WAJARAN ASAL HQ (PAKK 20%, KEMAHIRAN 15%, KOMUNITI 15%, PENGURUSAN 50%)
A2: ="Nisbah = nilai negeri / purata 5 negeri sederhana | Sumber garis asas: "&P_SUMBER&" | Had nisbah: "&IF(P_HAD>=99,"tiada",TEXT(P_HAD,"0.0"))&" | Garis asas sah jika sekurang-kurangnya "&P_MINN&" negeri sederhana ada data" -> Nisbah = nilai negeri / purata 5 negeri sederhana | Sumber garis asas: Nasional | Had nisbah: tiada | Garis asas sah jika sekurang-kurangnya 3 negeri sederhana ada data
A4: SUB-KRITERIA, GARIS ASAS DAN KELAYAKAN | I4: NISBAH NEGERI BESAR | M4: NISBAH NEGERI SEDERHANA (rujukan) | R4: SEMAKAN
A5: Kod | B5: Kriteria | C5: Sub kriteria | D5: Garis asas (purata sederhana) | E5: n sederhana | F5: n besar | G5: Paksa (pilihan: YA / TIDAK) | H5: Masuk skor? | I5: Sarawak | J5: Sabah | K5: Johor | L5: Perak | M5: Selangor | N5: Kedah | O5: Pahang | P5: Terengganu | Q5: Kelantan | R5: Purata nisbah sederhana | S5: Purata nisbah besar
A6: 1.1 | B6: Pendidikan Awal Kanak-Kanak | C6: Bilangan kelas TABIKA | D6: =IF(E6>=P_MINN,AVERAGE('Data 9 Negeri'!H80:L80),"") -> 860.6 | E6: =COUNT('Data 9 Negeri'!H80:L80) -> 5 | F6: =COUNT('Data 9 Negeri'!D80:G80) -> 4 | H6: =IF(G6<>"",UPPER(TRIM(G6)),IF(AND(E6>=P_MINN,F6=4),"YA","TIDAK")) -> YA | I6: =IF(AND($H6="YA",ISNUMBER($D6),ISNUMBER('Data 9 Negeri'!D80)),IFERROR(MIN('Data 9 Negeri'!D80/$D6,P_HAD),""),"") -> 1.510574 | J6: =IF(AND($H6="YA",ISNUMBER($D6),ISNUMBER('Data 9 Negeri'!E80)),IFERROR(MIN('Data 9 Negeri'!E80/$D6,P_HAD),""),"") -> 1.629096 | K6: =IF(AND($H6="YA",ISNUMBER($D6),ISNUMBER('Data 9 Negeri'!F80)),IFERROR(MIN('Data 9 Negeri'!F80/$D6,P_HAD),""),"") -> 1.3502208 | L6: =IF(AND($H6="YA",ISNUMBER($D6),ISNUMBER('Data 9 Negeri'!G80)),IFERROR(MIN('Data 9 Negeri'!G80/$D6,P_HAD),""),"") -> 0.93423193 | M6: =IF(AND($H6="YA",ISNUMBER($D6),ISNUMBER('Data 9 Negeri'!H80)),IFERROR(MIN('Data 9 Negeri'!H80/$D6,P_HAD),""),"") -> 1.218917 | N6: =IF(AND($H6="YA",ISNUMBER($D6),ISNUMBER('Data 9 Negeri'!I80)),IFERROR(MIN('Data 9 Negeri'!I80/$D6,P_HAD),""),"") -> 0.93306995 | O6: =IF(AND($H6="YA",ISNUMBER($D6),ISNUMBER('Data 9 Negeri'!J80)),IFERROR(MIN('Data 9 Negeri'!J80/$D6,P_HAD),""),"") -> 1.0213804 | P6: =IF(AND($H6="YA",ISNUMBER($D6),ISNUMBER('Data 9 Negeri'!K80)),IFERROR(MIN('Data 9 Negeri'!K80/$D6,P_HAD),""),"") -> 0.97490123 | Q6: =IF(AND($H6="YA",ISNUMBER($D6),ISNUMBER('Data 9 Negeri'!L80)),IFERROR(MIN('Data 9 Negeri'!L80/$D6,P_HAD),""),"") -> 0.85173135 | R6: =IFERROR(AVERAGE(M6:Q6),"") -> 1 | S6: =IFERROR(AVERAGE(I6:L6),"") -> 1.3560307
A7: 1.2 | B7: Pendidikan Awal Kanak-Kanak | C7: Bilangan kelas TASKA | D7: =IF(E7>=P_MINN,AVERAGE('Data 9 Negeri'!H81:L81),"") -> 39.6 | E7: =COUNT('Data 9 Negeri'!H81:L81) -> 5 | F7: =COUNT('Data 9 Negeri'!D81:G81) -> 4 | H7: =IF(G7<>"",UPPER(TRIM(G7)),IF(AND(E7>=P_MINN,F7=4),"YA","TIDAK")) -> YA | I7: =IF(AND($H7="YA",ISNUMBER($D7),ISNUMBER('Data 9 Negeri'!D81)),IFERROR(MIN('Data 9 Negeri'!D81/$D7,P_HAD),""),"") -> 2.1464646 | J7: =IF(AND($H7="YA",ISNUMBER($D7),ISNUMBER('Data 9 Negeri'!E81)),IFERROR(MIN('Data 9 Negeri'!E81/$D7,P_HAD),""),"") -> 1.6919192 | K7: =IF(AND($H7="YA",ISNUMBER($D7),ISNUMBER('Data 9 Negeri'!F81)),IFERROR(MIN('Data 9 Negeri'!F81/$D7,P_HAD),""),"") -> 1.489899 | L7: =IF(AND($H7="YA",ISNUMBER($D7),ISNUMBER('Data 9 Negeri'!G81)),IFERROR(MIN('Data 9 Negeri'!G81/$D7,P_HAD),""),"") -> 1.1111111 | M7: =IF(AND($H7="YA",ISNUMBER($D7),ISNUMBER('Data 9 Negeri'!H81)),IFERROR(MIN('Data 9 Negeri'!H81/$D7,P_HAD),""),"") -> 0.95959596 | N7: =IF(AND($H7="YA",ISNUMBER($D7),ISNUMBER('Data 9 Negeri'!I81)),IFERROR(MIN('Data 9 Negeri'!I81/$D7,P_HAD),""),"") -> 1.4141414 | O7: =IF(AND($H7="YA",ISNUMBER($D7),ISNUMBER('Data 9 Negeri'!J81)),IFERROR(MIN('Data 9 Negeri'!J81/$D7,P_HAD),""),"") -> 0.90909091 | P7: =IF(AND($H7="YA",ISNUMBER($D7),ISNUMBER('Data 9 Negeri'!K81)),IFERROR(MIN('Data 9 Negeri'!K81/$D7,P_HAD),""),"") -> 0.78282828 | Q7: =IF(AND($H7="YA",ISNUMBER($D7),ISNUMBER('Data 9 Negeri'!L81)),IFERROR(MIN('Data 9 Negeri'!L81/$D7,P_HAD),""),"") -> 0.93434343 | R7: =IFERROR(AVERAGE(M7:Q7),"") -> 1 | S7: =IFERROR(AVERAGE(I7:L7),"") -> 1.6098485
A8: 1.3 | B8: Pendidikan Awal Kanak-Kanak | C8: Bilangan guru TABIKA | D8: =IF(E8>=P_MINN,AVERAGE('Data 9 Negeri'!H82:L82),"") -> 819 | E8: =COUNT('Data 9 Negeri'!H82:L82) -> 5 | F8: =COUNT('Data 9 Negeri'!D82:G82) -> 4 | H8: =IF(G8<>"",UPPER(TRIM(G8)),IF(AND(E8>=P_MINN,F8=4),"YA","TIDAK")) -> YA | I8: =IF(AND($H8="YA",ISNUMBER($D8),ISNUMBER('Data 9 Negeri'!D82)),IFERROR(MIN('Data 9 Negeri'!D82/$D8,P_HAD),""),"") -> 1.5763126 | J8: =IF(AND($H8="YA",ISNUMBER($D8),ISNUMBER('Data 9 Negeri'!E82)),IFERROR(MIN('Data 9 Negeri'!E82/$D8,P_HAD),""),"") -> 1.6471306 | K8: =IF(AND($H8="YA",ISNUMBER($D8),ISNUMBER('Data 9 Negeri'!F82)),IFERROR(MIN('Data 9 Negeri'!F82/$D8,P_HAD),""),"") -> 1.2735043 | L8: =IF(AND($H8="YA",ISNUMBER($D8),ISNUMBER('Data 9 Negeri'!G82)),IFERROR(MIN('Data 9 Negeri'!G82/$D8,P_HAD),""),"") -> 0.92429792 | M8: =IF(AND($H8="YA",ISNUMBER($D8),ISNUMBER('Data 9 Negeri'!H82)),IFERROR(MIN('Data 9 Negeri'!H82/$D8,P_HAD),""),"") -> 1.1562882 | N8: =IF(AND($H8="YA",ISNUMBER($D8),ISNUMBER('Data 9 Negeri'!I82)),IFERROR(MIN('Data 9 Negeri'!I82/$D8,P_HAD),""),"") -> 0.92307692 | O8: =IF(AND($H8="YA",ISNUMBER($D8),ISNUMBER('Data 9 Negeri'!J82)),IFERROR(MIN('Data 9 Negeri'!J82/$D8,P_HAD),""),"") -> 1.018315 | P8: =IF(AND($H8="YA",ISNUMBER($D8),ISNUMBER('Data 9 Negeri'!K82)),IFERROR(MIN('Data 9 Negeri'!K82/$D8,P_HAD),""),"") -> 1.007326 | Q8: =IF(AND($H8="YA",ISNUMBER($D8),ISNUMBER('Data 9 Negeri'!L82)),IFERROR(MIN('Data 9 Negeri'!L82/$D8,P_HAD),""),"") -> 0.89499389 | R8: =IFERROR(AVERAGE(M8:Q8),"") -> 1 | S8: =IFERROR(AVERAGE(I8:L8),"") -> 1.3553114
A9: 1.4 | B9: Pendidikan Awal Kanak-Kanak | C9: Bilangan guru TASKA | D9: =IF(E9>=P_MINN,AVERAGE('Data 9 Negeri'!H83:L83),"") -> 140.2 | E9: =COUNT('Data 9 Negeri'!H83:L83) -> 5 | F9: =COUNT('Data 9 Negeri'!D83:G83) -> 4 | H9: =IF(G9<>"",UPPER(TRIM(G9)),IF(AND(E9>=P_MINN,F9=4),"YA","TIDAK")) -> YA | I9: =IF(AND($H9="YA",ISNUMBER($D9),ISNUMBER('Data 9 Negeri'!D83)),IFERROR(MIN('Data 9 Negeri'!D83/$D9,P_HAD),""),"") -> 1.7760342 | J9: =IF(AND($H9="YA",ISNUMBER($D9),ISNUMBER('Data 9 Negeri'!E83)),IFERROR(MIN('Data 9 Negeri'!E83/$D9,P_HAD),""),"") -> 1.4693295 | K9: =IF(AND($H9="YA",ISNUMBER($D9),ISNUMBER('Data 9 Negeri'!F83)),IFERROR(MIN('Data 9 Negeri'!F83/$D9,P_HAD),""),"") -> 1.2767475 | L9: =IF(AND($H9="YA",ISNUMBER($D9),ISNUMBER('Data 9 Negeri'!G83)),IFERROR(MIN('Data 9 Negeri'!G83/$D9,P_HAD),""),"") -> 1.0627675 | M9: =IF(AND($H9="YA",ISNUMBER($D9),ISNUMBER('Data 9 Negeri'!H83)),IFERROR(MIN('Data 9 Negeri'!H83/$D9,P_HAD),""),"") -> 1.1982882 | N9: =IF(AND($H9="YA",ISNUMBER($D9),ISNUMBER('Data 9 Negeri'!I83)),IFERROR(MIN('Data 9 Negeri'!I83/$D9,P_HAD),""),"") -> 1.4051355 | O9: =IF(AND($H9="YA",ISNUMBER($D9),ISNUMBER('Data 9 Negeri'!J83)),IFERROR(MIN('Data 9 Negeri'!J83/$D9,P_HAD),""),"") -> 0.83452211 | P9: =IF(AND($H9="YA",ISNUMBER($D9),ISNUMBER('Data 9 Negeri'!K83)),IFERROR(MIN('Data 9 Negeri'!K83/$D9,P_HAD),""),"") -> 0.74179743 | Q9: =IF(AND($H9="YA",ISNUMBER($D9),ISNUMBER('Data 9 Negeri'!L83)),IFERROR(MIN('Data 9 Negeri'!L83/$D9,P_HAD),""),"") -> 0.82025678 | R9: =IFERROR(AVERAGE(M9:Q9),"") -> 1 | S9: =IFERROR(AVERAGE(I9:L9),"") -> 1.3962197
A10: 1.5 | B10: Pendidikan Awal Kanak-Kanak | C10: Bilangan pembantu | D10: =IF(E10>=P_MINN,AVERAGE('Data 9 Negeri'!H84:L84),"") -> 892.6 | E10: =COUNT('Data 9 Negeri'!H84:L84) -> 5 | F10: =COUNT('Data 9 Negeri'!D84:G84) -> 4 | H10: =IF(G10<>"",UPPER(TRIM(G10)),IF(AND(E10>=P_MINN,F10=4),"YA","TIDAK")) -> YA | I10: =IF(AND($H10="YA",ISNUMBER($D10),ISNUMBER('Data 9 Negeri'!D84)),IFERROR(MIN('Data 9 Negeri'!D84/$D10,P_HAD),""),"") -> 1.4149675 | J10: =IF(AND($H10="YA",ISNUMBER($D10),ISNUMBER('Data 9 Negeri'!E84)),IFERROR(MIN('Data 9 Negeri'!E84/$D10,P_HAD),""),"") -> 1.6412727 | K10: =IF(AND($H10="YA",ISNUMBER($D10),ISNUMBER('Data 9 Negeri'!F84)),IFERROR(MIN('Data 9 Negeri'!F84/$D10,P_HAD),""),"") -> 1.3701546 | L10: =IF(AND($H10="YA",ISNUMBER($D10),ISNUMBER('Data 9 Negeri'!G84)),IFERROR(MIN('Data 9 Negeri'!G84/$D10,P_HAD),""),"") -> 0.95115393 | M10: =IF(AND($H10="YA",ISNUMBER($D10),ISNUMBER('Data 9 Negeri'!H84)),IFERROR(MIN('Data 9 Negeri'!H84/$D10,P_HAD),""),"") -> 1.2110688 | N10: =IF(AND($H10="YA",ISNUMBER($D10),ISNUMBER('Data 9 Negeri'!I84)),IFERROR(MIN('Data 9 Negeri'!I84/$D10,P_HAD),""),"") -> 0.96347748 | O10: =IF(AND($H10="YA",ISNUMBER($D10),ISNUMBER('Data 9 Negeri'!J84)),IFERROR(MIN('Data 9 Negeri'!J84/$D10,P_HAD),""),"") -> 1.0239749 | P10: =IF(AND($H10="YA",ISNUMBER($D10),ISNUMBER('Data 9 Negeri'!K84)),IFERROR(MIN('Data 9 Negeri'!K84/$D10,P_HAD),""),"") -> 0.93771006 | Q10: =IF(AND($H10="YA",ISNUMBER($D10),ISNUMBER('Data 9 Negeri'!L84)),IFERROR(MIN('Data 9 Negeri'!L84/$D10,P_HAD),""),"") -> 0.86376877 | R10: =IFERROR(AVERAGE(M10:Q10),"") -> 1 | S10: =IFERROR(AVERAGE(I10:L10),"") -> 1.3443872
A11: 1.6 | B11: Pendidikan Awal Kanak-Kanak | C11: Bilangan murid TABIKA | D11: =IF(E11>=P_MINN,AVERAGE('Data 9 Negeri'!H85:L85),"") -> 18423.4 | E11: =COUNT('Data 9 Negeri'!H85:L85) -> 5 | F11: =COUNT('Data 9 Negeri'!D85:G85) -> 4 | H11: =IF(G11<>"",UPPER(TRIM(G11)),IF(AND(E11>=P_MINN,F11=4),"YA","TIDAK")) -> YA | I11: =IF(AND($H11="YA",ISNUMBER($D11),ISNUMBER('Data 9 Negeri'!D85)),IFERROR(MIN('Data 9 Negeri'!D85/$D11,P_HAD),""),"") -> 0.88165051 | J11: =IF(AND($H11="YA",ISNUMBER($D11),ISNUMBER('Data 9 Negeri'!E85)),IFERROR(MIN('Data 9 Negeri'!E85/$D11,P_HAD),""),"") -> 1.4227016 | K11: =IF(AND($H11="YA",ISNUMBER($D11),ISNUMBER('Data 9 Negeri'!F85)),IFERROR(MIN('Data 9 Negeri'!F85/$D11,P_HAD),""),"") -> 1.3018227 | L11: =IF(AND($H11="YA",ISNUMBER($D11),ISNUMBER('Data 9 Negeri'!G85)),IFERROR(MIN('Data 9 Negeri'!G85/$D11,P_HAD),""),"") -> 0.82563479 | M11: =IF(AND($H11="YA",ISNUMBER($D11),ISNUMBER('Data 9 Negeri'!H85)),IFERROR(MIN('Data 9 Negeri'!H85/$D11,P_HAD),""),"") -> 1.3946937 | N11: =IF(AND($H11="YA",ISNUMBER($D11),ISNUMBER('Data 9 Negeri'!I85)),IFERROR(MIN('Data 9 Negeri'!I85/$D11,P_HAD),""),"") -> 0.91155813 | O11: =IF(AND($H11="YA",ISNUMBER($D11),ISNUMBER('Data 9 Negeri'!J85)),IFERROR(MIN('Data 9 Negeri'!J85/$D11,P_HAD),""),"") -> 0.84930035 | P11: =IF(AND($H11="YA",ISNUMBER($D11),ISNUMBER('Data 9 Negeri'!K85)),IFERROR(MIN('Data 9 Negeri'!K85/$D11,P_HAD),""),"") -> 0.99102229 | Q11: =IF(AND($H11="YA",ISNUMBER($D11),ISNUMBER('Data 9 Negeri'!L85)),IFERROR(MIN('Data 9 Negeri'!L85/$D11,P_HAD),""),"") -> 0.85342553 | R11: =IFERROR(AVERAGE(M11:Q11),"") -> 1 | S11: =IFERROR(AVERAGE(I11:L11),"") -> 1.1079524
A12: 1.7 | B12: Pendidikan Awal Kanak-Kanak | C12: Bilangan murid TASKA | D12: =IF(E12>=P_MINN,AVERAGE('Data 9 Negeri'!H86:L86),"") -> 795.8 | E12: =COUNT('Data 9 Negeri'!H86:L86) -> 5 | F12: =COUNT('Data 9 Negeri'!D86:G86) -> 4 | H12: =IF(G12<>"",UPPER(TRIM(G12)),IF(AND(E12>=P_MINN,F12=4),"YA","TIDAK")) -> YA | I12: =IF(AND($H12="YA",ISNUMBER($D12),ISNUMBER('Data 9 Negeri'!D86)),IFERROR(MIN('Data 9 Negeri'!D86/$D12,P_HAD),""),"") -> 1.5192259 | J12: =IF(AND($H12="YA",ISNUMBER($D12),ISNUMBER('Data 9 Negeri'!E86)),IFERROR(MIN('Data 9 Negeri'!E86/$D12,P_HAD),""),"") -> 1.7554662 | K12: =IF(AND($H12="YA",ISNUMBER($D12),ISNUMBER('Data 9 Negeri'!F86)),IFERROR(MIN('Data 9 Negeri'!F86/$D12,P_HAD),""),"") -> 1.3872832 | L12: =IF(AND($H12="YA",ISNUMBER($D12),ISNUMBER('Data 9 Negeri'!G86)),IFERROR(MIN('Data 9 Negeri'!G86/$D12,P_HAD),""),"") -> 1.1032923 | M12: =IF(AND($H12="YA",ISNUMBER($D12),ISNUMBER('Data 9 Negeri'!H86)),IFERROR(MIN('Data 9 Negeri'!H86/$D12,P_HAD),""),"") -> 1.0103041 | N12: =IF(AND($H12="YA",ISNUMBER($D12),ISNUMBER('Data 9 Negeri'!I86)),IFERROR(MIN('Data 9 Negeri'!I86/$D12,P_HAD),""),"") -> 1.4425735 | O12: =IF(AND($H12="YA",ISNUMBER($D12),ISNUMBER('Data 9 Negeri'!J86)),IFERROR(MIN('Data 9 Negeri'!J86/$D12,P_HAD),""),"") -> 0.89972355 | P12: =IF(AND($H12="YA",ISNUMBER($D12),ISNUMBER('Data 9 Negeri'!K86)),IFERROR(MIN('Data 9 Negeri'!K86/$D12,P_HAD),""),"") -> 0.7464187 | Q12: =IF(AND($H12="YA",ISNUMBER($D12),ISNUMBER('Data 9 Negeri'!L86)),IFERROR(MIN('Data 9 Negeri'!L86/$D12,P_HAD),""),"") -> 0.90098015 | R12: =IFERROR(AVERAGE(M12:Q12),"") -> 1 | S12: =IFERROR(AVERAGE(I12:L12),"") -> 1.4413169
A13: 1.8 | B13: Pendidikan Awal Kanak-Kanak | C13: Bilangan penyelia daerah | D13: =IF(E13>=P_MINN,AVERAGE('Data 9 Negeri'!H87:L87),"") -> 17 | E13: =COUNT('Data 9 Negeri'!H87:L87) -> 5 | F13: =COUNT('Data 9 Negeri'!D87:G87) -> 4 | H13: =IF(G13<>"",UPPER(TRIM(G13)),IF(AND(E13>=P_MINN,F13=4),"YA","TIDAK")) -> YA | I13: =IF(AND($H13="YA",ISNUMBER($D13),ISNUMBER('Data 9 Negeri'!D87)),IFERROR(MIN('Data 9 Negeri'!D87/$D13,P_HAD),""),"") -> 2.1764706 | J13: =IF(AND($H13="YA",ISNUMBER($D13),ISNUMBER('Data 9 Negeri'!E87)),IFERROR(MIN('Data 9 Negeri'!E87/$D13,P_HAD),""),"") -> 2.1176471 | K13: =IF(AND($H13="YA",ISNUMBER($D13),ISNUMBER('Data 9 Negeri'!F87)),IFERROR(MIN('Data 9 Negeri'!F87/$D13,P_HAD),""),"") -> 1.1764706 | L13: =IF(AND($H13="YA",ISNUMBER($D13),ISNUMBER('Data 9 Negeri'!G87)),IFERROR(MIN('Data 9 Negeri'!G87/$D13,P_HAD),""),"") -> 1.2352941 | M13: =IF(AND($H13="YA",ISNUMBER($D13),ISNUMBER('Data 9 Negeri'!H87)),IFERROR(MIN('Data 9 Negeri'!H87/$D13,P_HAD),""),"") -> 1.0588235 | N13: =IF(AND($H13="YA",ISNUMBER($D13),ISNUMBER('Data 9 Negeri'!I87)),IFERROR(MIN('Data 9 Negeri'!I87/$D13,P_HAD),""),"") -> 0.88235294 | O13: =IF(AND($H13="YA",ISNUMBER($D13),ISNUMBER('Data 9 Negeri'!J87)),IFERROR(MIN('Data 9 Negeri'!J87/$D13,P_HAD),""),"") -> 1.1176471 | P13: =IF(AND($H13="YA",ISNUMBER($D13),ISNUMBER('Data 9 Negeri'!K87)),IFERROR(MIN('Data 9 Negeri'!K87/$D13,P_HAD),""),"") -> 0.94117647 | Q13: =IF(AND($H13="YA",ISNUMBER($D13),ISNUMBER('Data 9 Negeri'!L87)),IFERROR(MIN('Data 9 Negeri'!L87/$D13,P_HAD),""),"") -> 1 | R13: =IFERROR(AVERAGE(M13:Q13),"") -> 1 | S13: =IFERROR(AVERAGE(I13:L13),"") -> 1.6764706
A14: 2.1 | B14: Kemahiran | C14: Bilangan kelas | D14: =IF(E14>=P_MINN,AVERAGE('Data 9 Negeri'!H88:L88),"") -> 108 | E14: =COUNT('Data 9 Negeri'!H88:L88) -> 5 | F14: =COUNT('Data 9 Negeri'!D88:G88) -> 4 | H14: =IF(G14<>"",UPPER(TRIM(G14)),IF(AND(E14>=P_MINN,F14=4),"YA","TIDAK")) -> YA | I14: =IF(AND($H14="YA",ISNUMBER($D14),ISNUMBER('Data 9 Negeri'!D88)),IFERROR(MIN('Data 9 Negeri'!D88/$D14,P_HAD),""),"") -> 1.462963 | J14: =IF(AND($H14="YA",ISNUMBER($D14),ISNUMBER('Data 9 Negeri'!E88)),IFERROR(MIN('Data 9 Negeri'!E88/$D14,P_HAD),""),"") -> 2.1296296 | K14: =IF(AND($H14="YA",ISNUMBER($D14),ISNUMBER('Data 9 Negeri'!F88)),IFERROR(MIN('Data 9 Negeri'!F88/$D14,P_HAD),""),"") -> 1.8611111 | L14: =IF(AND($H14="YA",ISNUMBER($D14),ISNUMBER('Data 9 Negeri'!G88)),IFERROR(MIN('Data 9 Negeri'!G88/$D14,P_HAD),""),"") -> 1.7592593 | M14: =IF(AND($H14="YA",ISNUMBER($D14),ISNUMBER('Data 9 Negeri'!H88)),IFERROR(MIN('Data 9 Negeri'!H88/$D14,P_HAD),""),"") -> 1.1111111 | N14: =IF(AND($H14="YA",ISNUMBER($D14),ISNUMBER('Data 9 Negeri'!I88)),IFERROR(MIN('Data 9 Negeri'!I88/$D14,P_HAD),""),"") -> 0.58333333 | O14: =IF(AND($H14="YA",ISNUMBER($D14),ISNUMBER('Data 9 Negeri'!J88)),IFERROR(MIN('Data 9 Negeri'!J88/$D14,P_HAD),""),"") -> 1.4351852 | P14: =IF(AND($H14="YA",ISNUMBER($D14),ISNUMBER('Data 9 Negeri'!K88)),IFERROR(MIN('Data 9 Negeri'!K88/$D14,P_HAD),""),"") -> 0.84259259 | Q14: =IF(AND($H14="YA",ISNUMBER($D14),ISNUMBER('Data 9 Negeri'!L88)),IFERROR(MIN('Data 9 Negeri'!L88/$D14,P_HAD),""),"") -> 1.0277778 | R14: =IFERROR(AVERAGE(M14:Q14),"") -> 1 | S14: =IFERROR(AVERAGE(I14:L14),"") -> 1.8032407
A15: 2.2 | B15: Kemahiran | C15: Bilangan program / aktiviti | D15: =IF(E15>=P_MINN,AVERAGE('Data 9 Negeri'!H89:L89),"") -> 112.4 | E15: =COUNT('Data 9 Negeri'!H89:L89) -> 5 | F15: =COUNT('Data 9 Negeri'!D89:G89) -> 4 | H15: =IF(G15<>"",UPPER(TRIM(G15)),IF(AND(E15>=P_MINN,F15=4),"YA","TIDAK")) -> YA | I15: =IF(AND($H15="YA",ISNUMBER($D15),ISNUMBER('Data 9 Negeri'!D89)),IFERROR(MIN('Data 9 Negeri'!D89/$D15,P_HAD),""),"") -> 1.1120996 | J15: =IF(AND($H15="YA",ISNUMBER($D15),ISNUMBER('Data 9 Negeri'!E89)),IFERROR(MIN('Data 9 Negeri'!E89/$D15,P_HAD),""),"") -> 2.0462633 | K15: =IF(AND($H15="YA",ISNUMBER($D15),ISNUMBER('Data 9 Negeri'!F89)),IFERROR(MIN('Data 9 Negeri'!F89/$D15,P_HAD),""),"") -> 2.4733096 | L15: =IF(AND($H15="YA",ISNUMBER($D15),ISNUMBER('Data 9 Negeri'!G89)),IFERROR(MIN('Data 9 Negeri'!G89/$D15,P_HAD),""),"") -> 1.4145907 | M15: =IF(AND($H15="YA",ISNUMBER($D15),ISNUMBER('Data 9 Negeri'!H89)),IFERROR(MIN('Data 9 Negeri'!H89/$D15,P_HAD),""),"") -> 1.4679715 | N15: =IF(AND($H15="YA",ISNUMBER($D15),ISNUMBER('Data 9 Negeri'!I89)),IFERROR(MIN('Data 9 Negeri'!I89/$D15,P_HAD),""),"") -> 0.46263345 | O15: =IF(AND($H15="YA",ISNUMBER($D15),ISNUMBER('Data 9 Negeri'!J89)),IFERROR(MIN('Data 9 Negeri'!J89/$D15,P_HAD),""),"") -> 1.4501779 | P15: =IF(AND($H15="YA",ISNUMBER($D15),ISNUMBER('Data 9 Negeri'!K89)),IFERROR(MIN('Data 9 Negeri'!K89/$D15,P_HAD),""),"") -> 0.72953737 | Q15: =IF(AND($H15="YA",ISNUMBER($D15),ISNUMBER('Data 9 Negeri'!L89)),IFERROR(MIN('Data 9 Negeri'!L89/$D15,P_HAD),""),"") -> 0.88967972 | R15: =IFERROR(AVERAGE(M15:Q15),"") -> 1 | S15: =IFERROR(AVERAGE(I15:L15),"") -> 1.7615658
A16: 2.3 | B16: Kemahiran | C16: Bilangan guru | D16: =IF(E16>=P_MINN,AVERAGE('Data 9 Negeri'!H90:L90),"") -> 60.2 | E16: =COUNT('Data 9 Negeri'!H90:L90) -> 5 | F16: =COUNT('Data 9 Negeri'!D90:G90) -> 4 | H16: =IF(G16<>"",UPPER(TRIM(G16)),IF(AND(E16>=P_MINN,F16=4),"YA","TIDAK")) -> YA | I16: =IF(AND($H16="YA",ISNUMBER($D16),ISNUMBER('Data 9 Negeri'!D90)),IFERROR(MIN('Data 9 Negeri'!D90/$D16,P_HAD),""),"") -> 1.1295681 | J16: =IF(AND($H16="YA",ISNUMBER($D16),ISNUMBER('Data 9 Negeri'!E90)),IFERROR(MIN('Data 9 Negeri'!E90/$D16,P_HAD),""),"") -> 1.8604651 | K16: =IF(AND($H16="YA",ISNUMBER($D16),ISNUMBER('Data 9 Negeri'!F90)),IFERROR(MIN('Data 9 Negeri'!F90/$D16,P_HAD),""),"") -> 1.461794 | L16: =IF(AND($H16="YA",ISNUMBER($D16),ISNUMBER('Data 9 Negeri'!G90)),IFERROR(MIN('Data 9 Negeri'!G90/$D16,P_HAD),""),"") -> 1.5282392 | M16: =IF(AND($H16="YA",ISNUMBER($D16),ISNUMBER('Data 9 Negeri'!H90)),IFERROR(MIN('Data 9 Negeri'!H90/$D16,P_HAD),""),"") -> 1.0465116 | N16: =IF(AND($H16="YA",ISNUMBER($D16),ISNUMBER('Data 9 Negeri'!I90)),IFERROR(MIN('Data 9 Negeri'!I90/$D16,P_HAD),""),"") -> 0.98006645 | O16: =IF(AND($H16="YA",ISNUMBER($D16),ISNUMBER('Data 9 Negeri'!J90)),IFERROR(MIN('Data 9 Negeri'!J90/$D16,P_HAD),""),"") -> 1.0299003 | P16: =IF(AND($H16="YA",ISNUMBER($D16),ISNUMBER('Data 9 Negeri'!K90)),IFERROR(MIN('Data 9 Negeri'!K90/$D16,P_HAD),""),"") -> 0.98006645 | Q16: =IF(AND($H16="YA",ISNUMBER($D16),ISNUMBER('Data 9 Negeri'!L90)),IFERROR(MIN('Data 9 Negeri'!L90/$D16,P_HAD),""),"") -> 0.96345515 | R16: =IFERROR(AVERAGE(M16:Q16),"") -> 1 | S16: =IFERROR(AVERAGE(I16:L16),"") -> 1.4950166
A17: 2.4 | B17: Kemahiran | C17: Bilangan peserta | D17: =IF(E17>=P_MINN,AVERAGE('Data 9 Negeri'!H91:L91),"") -> 1467.4 | E17: =COUNT('Data 9 Negeri'!H91:L91) -> 5 | F17: =COUNT('Data 9 Negeri'!D91:G91) -> 4 | H17: =IF(G17<>"",UPPER(TRIM(G17)),IF(AND(E17>=P_MINN,F17=4),"YA","TIDAK")) -> YA | I17: =IF(AND($H17="YA",ISNUMBER($D17),ISNUMBER('Data 9 Negeri'!D91)),IFERROR(MIN('Data 9 Negeri'!D91/$D17,P_HAD),""),"") -> 1.7009677 | J17: =IF(AND($H17="YA",ISNUMBER($D17),ISNUMBER('Data 9 Negeri'!E91)),IFERROR(MIN('Data 9 Negeri'!E91/$D17,P_HAD),""),"") -> 2.7811094 | K17: =IF(AND($H17="YA",ISNUMBER($D17),ISNUMBER('Data 9 Negeri'!F91)),IFERROR(MIN('Data 9 Negeri'!F91/$D17,P_HAD),""),"") -> 1.9367589 | L17: =IF(AND($H17="YA",ISNUMBER($D17),ISNUMBER('Data 9 Negeri'!G91)),IFERROR(MIN('Data 9 Negeri'!G91/$D17,P_HAD),""),"") -> 2.2222979 | M17: =IF(AND($H17="YA",ISNUMBER($D17),ISNUMBER('Data 9 Negeri'!H91)),IFERROR(MIN('Data 9 Negeri'!H91/$D17,P_HAD),""),"") -> 0.70328472 | N17: =IF(AND($H17="YA",ISNUMBER($D17),ISNUMBER('Data 9 Negeri'!I91)),IFERROR(MIN('Data 9 Negeri'!I91/$D17,P_HAD),""),"") -> 0.75439553 | O17: =IF(AND($H17="YA",ISNUMBER($D17),ISNUMBER('Data 9 Negeri'!J91)),IFERROR(MIN('Data 9 Negeri'!J91/$D17,P_HAD),""),"") -> 1.6961974 | P17: =IF(AND($H17="YA",ISNUMBER($D17),ISNUMBER('Data 9 Negeri'!K91)),IFERROR(MIN('Data 9 Negeri'!K91/$D17,P_HAD),""),"") -> 0.72986234 | Q17: =IF(AND($H17="YA",ISNUMBER($D17),ISNUMBER('Data 9 Negeri'!L91)),IFERROR(MIN('Data 9 Negeri'!L91/$D17,P_HAD),""),"") -> 1.1162601 | R17: =IFERROR(AVERAGE(M17:Q17),"") -> 1 | S17: =IFERROR(AVERAGE(I17:L17),"") -> 2.1602835
... A28: 4.7 | B28: Pengurusan | C28: Perjawatan / pengurusan pegawai | D28: =IF(E28>=P_MINN,AVERAGE('Data 9 Negeri'!H102:L102),"") -> 1179.4 | E28: =COUNT('Data 9 Negeri'!H102:L102) -> 5 | F28: =COUNT('Data 9 Negeri'!D102:G102) -> 4 | H28: =IF(G28<>"",UPPER(TRIM(G28)),IF(AND(E28>=P_MINN,F28=4),"YA","TIDAK")) -> YA | I28: =IF(AND($H28="YA",ISNUMBER($D28),ISNUMBER('Data 9 Negeri'!D102)),IFERROR(MIN('Data 9 Negeri'!D102/$D28,P_HAD),""),"") -> 1.72291 | J28: =IF(AND($H28="YA",ISNUMBER($D28),ISNUMBER('Data 9 Negeri'!E102)),IFERROR(MIN('Data 9 Negeri'!E102/$D28,P_HAD),""),"") -> 1.8195693 | K28: =IF(AND($H28="YA",ISNUMBER($D28),ISNUMBER('Data 9 Negeri'!F102)),IFERROR(MIN('Data 9 Negeri'!F102/$D28,P_HAD),""),"") -> 1.2786162 | L28: =IF(AND($H28="YA",ISNUMBER($D28),ISNUMBER('Data 9 Negeri'!G102)),IFERROR(MIN('Data 9 Negeri'!G102/$D28,P_HAD),""),"") -> 1.0369679 | M28: =IF(AND($H28="YA",ISNUMBER($D28),ISNUMBER('Data 9 Negeri'!H102)),IFERROR(MIN('Data 9 Negeri'!H102/$D28,P_HAD),""),"") -> 1.1259963 | N28: =IF(AND($H28="YA",ISNUMBER($D28),ISNUMBER('Data 9 Negeri'!I102)),IFERROR(MIN('Data 9 Negeri'!I102/$D28,P_HAD),""),"") -> 0.98270307 | O28: =IF(AND($H28="YA",ISNUMBER($D28),ISNUMBER('Data 9 Negeri'!J102)),IFERROR(MIN('Data 9 Negeri'!J102/$D28,P_HAD),""),"") -> 1.006444 | P28: =IF(AND($H28="YA",ISNUMBER($D28),ISNUMBER('Data 9 Negeri'!K102)),IFERROR(MIN('Data 9 Negeri'!K102/$D28,P_HAD),""),"") -> 1.1132779 | Q28: =IF(AND($H28="YA",ISNUMBER($D28),ISNUMBER('Data 9 Negeri'!L102)),IFERROR(MIN('Data 9 Negeri'!L102/$D28,P_HAD),""),"") -> 0.77157877 | R28: =IFERROR(AVERAGE(M28:Q28),"") -> 1 | S28: =IFERROR(AVERAGE(I28:L28),"") -> 1.4645159
A30: SKOR KRITERIA (purata nisbah sub-kriteria yang diskor) | D30: Wajaran HQ | E30: Sub-kriteria diskor | F30: Jumlah sub-kriteria | I30: Sarawak | J30: Sabah | K30: Johor | L30: Perak | M30: Selangor | N30: Kedah | O30: Pahang | P30: Terengganu | Q30: Kelantan | R30: Purata sederhana | S30: Purata besar
A31: Pendidikan Awal Kanak-Kanak | D31: =W_PAKK -> 0.2 | E31: =COUNTIF(H6:H13,"YA") -> 8 | F31: =ROWS(H6:H13) -> 8 | I31: =IFERROR(AVERAGE(I6:I13),"") -> 1.6252125 | J31: =IFERROR(AVERAGE(J6:J13),"") -> 1.6718204 | K31: =IFERROR(AVERAGE(K6:K13),"") -> 1.3282628 | L31: =IFERROR(AVERAGE(L6:L13),"") -> 1.0184729 | M31: =IFERROR(AVERAGE(M6:M13),"") -> 1.1509974 | N31: =IFERROR(AVERAGE(N6:N13),"") -> 1.1094232 | O31: =IFERROR(AVERAGE(O6:O13),"") -> 0.95924429 | P31: =IFERROR(AVERAGE(P6:P13),"") -> 0.89039756 | Q31: =IFERROR(AVERAGE(Q6:Q13),"") -> 0.88993749 | R31: =IFERROR(AVERAGE(M31:Q31),"") -> 1 | S31: =IFERROR(AVERAGE(I31:L31),"") -> 1.4109422
A32: Kemahiran | D32: =W_KEM -> 0.15 | E32: =COUNTIF(H14:H17,"YA") -> 4 | F32: =ROWS(H14:H17) -> 4 | I32: =IFERROR(AVERAGE(I14:I17),"") -> 1.3513996 | J32: =IFERROR(AVERAGE(J14:J17),"") -> 2.2043669 | K32: =IFERROR(AVERAGE(K14:K17),"") -> 1.9332434 | L32: =IFERROR(AVERAGE(L14:L17),"") -> 1.7310968 | M32: =IFERROR(AVERAGE(M14:M17),"") -> 1.0822197 | N32: =IFERROR(AVERAGE(N14:N17),"") -> 0.69510719 | O32: =IFERROR(AVERAGE(O14:O17),"") -> 1.4028652 | P32: =IFERROR(AVERAGE(P14:P17),"") -> 0.82051469 | Q32: =IFERROR(AVERAGE(Q14:Q17),"") -> 0.99929317 | R32: =IFERROR(AVERAGE(M32:Q32),"") -> 1 | S32: =IFERROR(AVERAGE(I32:L32),"") -> 1.8050267
A33: Komuniti | D33: =W_KOM -> 0.15 | E33: =COUNTIF(H18:H21,"YA") -> 3 | F33: =ROWS(H18:H21) -> 4 | I33: =IFERROR(AVERAGE(I18:I21),"") -> 3.8946466 | J33: =IFERROR(AVERAGE(J18:J21),"") -> 2.0351392 | K33: =IFERROR(AVERAGE(K18:K21),"") -> 1.4660853 | L33: =IFERROR(AVERAGE(L18:L21),"") -> 1.2757149 | M33: =IFERROR(AVERAGE(M18:M21),"") -> 1.3375154 | N33: =IFERROR(AVERAGE(N18:N21),"") -> 1.5753343 | O33: =IFERROR(AVERAGE(O18:O21),"") -> 0.58506858 | P33: =IFERROR(AVERAGE(P18:P21),"") -> 0.68988634 | Q33: =IFERROR(AVERAGE(Q18:Q21),"") -> 0.86566299 | R33: =IFERROR(AVERAGE(M33:Q33),"") -> 1.0106935 | S33: =IFERROR(AVERAGE(I33:L33),"") -> 2.1678965
A34: Pengurusan | D34: =W_PENG -> 0.5 | E34: =COUNTIF(H22:H28,"YA") -> 2 | F34: =ROWS(H22:H28) -> 7 | I34: =IFERROR(AVERAGE(I22:I28),"") -> 2.126425 | J34: =IFERROR(AVERAGE(J22:J28),"") -> 1.4187667 | K34: =IFERROR(AVERAGE(K22:K28),"") -> 0.75407858 | L34: =IFERROR(AVERAGE(L22:L28),"") -> 1.6412385 | M34: =IFERROR(AVERAGE(M22:M28),"") -> 1.2566109 | N34: =IFERROR(AVERAGE(N22:N28),"") -> 1.115104 | O34: =IFERROR(AVERAGE(O22:O28),"") -> 1.1494296 | P34: =IFERROR(AVERAGE(P22:P28),"") -> 1.0157208 | Q34: =IFERROR(AVERAGE(Q22:Q28),"") -> 0.46313469 | R34: =IFERROR(AVERAGE(M34:Q34),"") -> 1 | S34: =IFERROR(AVERAGE(I34:L34),"") -> 1.4851272
A36: Jumlah (wajaran x skor kriteria) [pengiraan] | I36: =IF(ISNUMBER(I31),$D$31*I31,0)+IF(ISNUMBER(I32),$D$32*I32,0)+IF(ISNUMBER(I33),$D$33*I33,0)+IF(ISNUMBER(I34),$D$34*I34,0) -> 2.1751619 | J36: =IF(ISNUMBER(J31),$D$31*J31,0)+IF(ISNUMBER(J32),$D$32*J32,0)+IF(ISNUMBER(J33),$D$33*J33,0)+IF(ISNUMBER(J34),$D$34*J34,0) -> 1.6796733 | K36: =IF(ISNUMBER(K31),$D$31*K31,0)+IF(ISNUMBER(K32),$D$32*K32,0)+IF(ISNUMBER(K33),$D$33*K33,0)+IF(ISNUMBER(K34),$D$34*K34,0) -> 1.1525912 | L36: =IF(ISNUMBER(L31),$D$31*L31,0)+IF(ISNUMBER(L32),$D$32*L32,0)+IF(ISNUMBER(L33),$D$33*L33,0)+IF(ISNUMBER(L34),$D$34*L34,0) -> 1.4753356 | M36: =IF(ISNUMBER(M31),$D$31*M31,0)+IF(ISNUMBER(M32),$D$32*M32,0)+IF(ISNUMBER(M33),$D$33*M33,0)+IF(ISNUMBER(M34),$D$34*M34,0) -> 1.2214652 | N36: =IF(ISNUMBER(N31),$D$31*N31,0)+IF(ISNUMBER(N32),$D$32*N32,0)+IF(ISNUMBER(N33),$D$33*N33,0)+IF(ISNUMBER(N34),$D$34*N34,0) -> 1.1200029 | O36: =IF(ISNUMBER(O31),$D$31*O31,0)+IF(ISNUMBER(O32),$D$32*O32,0)+IF(ISNUMBER(O33),$D$33*O33,0)+IF(ISNUMBER(O34),$D$34*O34,0) -> 1.0647537 | P36: =IF(ISNUMBER(P31),$D$31*P31,0)+IF(ISNUMBER(P32),$D$32*P32,0)+IF(ISNUMBER(P33),$D$33*P33,0)+IF(ISNUMBER(P34),$D$34*P34,0) -> 0.91250007 | Q36: =IF(ISNUMBER(Q31),$D$31*Q31,0)+IF(ISNUMBER(Q32),$D$32*Q32,0)+IF(ISNUMBER(Q33),$D$33*Q33,0)+IF(ISNUMBER(Q34),$D$34*Q34,0) -> 0.68929827 | R36: =IFERROR(AVERAGE(M36:Q36),"") -> 1.001604 | S36: =IFERROR(AVERAGE(I36:L36),"") -> 1.6206905
A37: Jumlah wajaran kriteria yang ada skor [pengiraan] | I37: =IF(ISNUMBER(I31),$D$31,0)+IF(ISNUMBER(I32),$D$32,0)+IF(ISNUMBER(I33),$D$33,0)+IF(ISNUMBER(I34),$D$34,0) -> 1 | J37: =IF(ISNUMBER(J31),$D$31,0)+IF(ISNUMBER(J32),$D$32,0)+IF(ISNUMBER(J33),$D$33,0)+IF(ISNUMBER(J34),$D$34,0) -> 1 | K37: =IF(ISNUMBER(K31),$D$31,0)+IF(ISNUMBER(K32),$D$32,0)+IF(ISNUMBER(K33),$D$33,0)+IF(ISNUMBER(K34),$D$34,0) -> 1 | L37: =IF(ISNUMBER(L31),$D$31,0)+IF(ISNUMBER(L32),$D$32,0)+IF(ISNUMBER(L33),$D$33,0)+IF(ISNUMBER(L34),$D$34,0) -> 1 | M37: =IF(ISNUMBER(M31),$D$31,0)+IF(ISNUMBER(M32),$D$32,0)+IF(ISNUMBER(M33),$D$33,0)+IF(ISNUMBER(M34),$D$34,0) -> 1 | N37: =IF(ISNUMBER(N31),$D$31,0)+IF(ISNUMBER(N32),$D$32,0)+IF(ISNUMBER(N33),$D$33,0)+IF(ISNUMBER(N34),$D$34,0) -> 1 | O37: =IF(ISNUMBER(O31),$D$31,0)+IF(ISNUMBER(O32),$D$32,0)+IF(ISNUMBER(O33),$D$33,0)+IF(ISNUMBER(O34),$D$34,0) -> 1 | P37: =IF(ISNUMBER(P31),$D$31,0)+IF(ISNUMBER(P32),$D$32,0)+IF(ISNUMBER(P33),$D$33,0)+IF(ISNUMBER(P34),$D$34,0) -> 1 | Q37: =IF(ISNUMBER(Q31),$D$31,0)+IF(ISNUMBER(Q32),$D$32,0)+IF(ISNUMBER(Q33),$D$33,0)+IF(ISNUMBER(Q34),$D$34,0) -> 1 | R37: =IFERROR(AVERAGE(M37:Q37),"") -> 1 | S37: =IFERROR(AVERAGE(I37:L37),"") -> 1
A38: INDEKS KOMPOSIT SENARIO A | I38: =IFERROR(I36/I37,"") -> 2.1751619 | J38: =IFERROR(J36/J37,"") -> 1.6796733 | K38: =IFERROR(K36/K37,"") -> 1.1525912 | L38: =IFERROR(L36/L37,"") -> 1.4753356 | M38: =IFERROR(M36/M37,"") -> 1.2214652 | N38: =IFERROR(N36/N37,"") -> 1.1200029 | O38: =IFERROR(O36/O37,"") -> 1.0647537 | P38: =IFERROR(P36/P37,"") -> 0.91250007 | Q38: =IFERROR(Q36/Q37,"") -> 0.68929827 | R38: =IFERROR(AVERAGE(M38:Q38),"") -> 1.001604 | S38: =IFERROR(AVERAGE(I38:L38),"") -> 1.6206905
A39: Kedudukan (1 = beban tertinggi daripada 9) | I39: =IFERROR(RANK(I38,$I$38:$Q$38),"") -> 1 | J39: =IFERROR(RANK(J38,$I$38:$Q$38),"") -> 2 | K39: =IFERROR(RANK(K38,$I$38:$Q$38),"") -> 5 | L39: =IFERROR(RANK(L38,$I$38:$Q$38),"") -> 3 | M39: =IFERROR(RANK(M38,$I$38:$Q$38),"") -> 4 | N39: =IFERROR(RANK(N38,$I$38:$Q$38),"") -> 6 | O39: =IFERROR(RANK(O38,$I$38:$Q$38),"") -> 7 | P39: =IFERROR(RANK(P38,$I$38:$Q$38),"") -> 8 | Q39: =IFERROR(RANK(Q38,$I$38:$Q$38),"") -> 9
A40: Sub-kriteria diskor (daripada 23) | I40: =COUNT(I6:I28) -> 17 | J40: =COUNT(J6:J28) -> 17 | K40: =COUNT(K6:K28) -> 17 | L40: =COUNT(L6:L28) -> 17 | M40: =COUNT(M6:M28) -> 17 | N40: =COUNT(N6:N28) -> 16 | O40: =COUNT(O6:O28) -> 16 | P40: =COUNT(P6:P28) -> 17 | Q40: =COUNT(Q6:Q28) -> 17 | R40: =IFERROR(AVERAGE(M40:Q40),"") -> 16.6 | S40: =IFERROR(AVERAGE(I40:L40),"") -> 17
A41: Liputan berwajaran (bahagian kerangka HQ yang disokong data) | I41: =$D$31*COUNT(I6:I13)/ROWS(I6:I13)+$D$32*COUNT(I14:I17)/ROWS(I14:I17)+$D$33*COUNT(I18:I21)/ROWS(I18:I21)+$D$34*COUNT(I22:I28)/ROWS(I22:I28) -> 0.60535714 | J41: =$D$31*COUNT(J6:J13)/ROWS(J6:J13)+$D$32*COUNT(J14:J17)/ROWS(J14:J17)+$D$33*COUNT(J18:J21)/ROWS(J18:J21)+$D$34*COUNT(J22:J28)/ROWS(J22:J28) -> 0.60535714 | K41: =$D$31*COUNT(K6:K13)/ROWS(K6:K13)+$D$32*COUNT(K14:K17)/ROWS(K14:K17)+$D$33*COUNT(K18:K21)/ROWS(K18:K21)+$D$34*COUNT(K22:K28)/ROWS(K22:K28) -> 0.60535714 | L41: =$D$31*COUNT(L6:L13)/ROWS(L6:L13)+$D$32*COUNT(L14:L17)/ROWS(L14:L17)+$D$33*COUNT(L18:L21)/ROWS(L18:L21)+$D$34*COUNT(L22:L28)/ROWS(L22:L28) -> 0.60535714 | M41: =$D$31*COUNT(M6:M13)/ROWS(M6:M13)+$D$32*COUNT(M14:M17)/ROWS(M14:M17)+$D$33*COUNT(M18:M21)/ROWS(M18:M21)+$D$34*COUNT(M22:M28)/ROWS(M22:M28) -> 0.60535714 | N41: =$D$31*COUNT(N6:N13)/ROWS(N6:N13)+$D$32*COUNT(N14:N17)/ROWS(N14:N17)+$D$33*COUNT(N18:N21)/ROWS(N18:N21)+$D$34*COUNT(N22:N28)/ROWS(N22:N28) -> 0.56785714 | O41: =$D$31*COUNT(O6:O13)/ROWS(O6:O13)+$D$32*COUNT(O14:O17)/ROWS(O14:O17)+$D$33*COUNT(O18:O21)/ROWS(O18:O21)+$D$34*COUNT(O22:O28)/ROWS(O22:O28) -> 0.56785714 | P41: =$D$31*COUNT(P6:P13)/ROWS(P6:P13)+$D$32*COUNT(P14:P17)/ROWS(P14:P17)+$D$33*COUNT(P18:P21)/ROWS(P18:P21)+$D$34*COUNT(P22:P28)/ROWS(P22:P28) -> 0.60535714 | Q41: =$D$31*COUNT(Q6:Q13)/ROWS(Q6:Q13)+$D$32*COUNT(Q14:Q17)/ROWS(Q14:Q17)+$D$33*COUNT(Q18:Q21)/ROWS(Q18:Q21)+$D$34*COUNT(Q22:Q28)/ROWS(Q22:Q28) -> 0.60535714 | R41: =IFERROR(AVERAGE(M41:Q41),"") -> 0.59035714 | S41: =IFERROR(AVERAGE(I41:L41),"") -> 0.60535714
A42: Indeks tanpa Pengurusan (semakan kepekaan) | I42: =IFERROR((IF(ISNUMBER(I31),$D$31*I31,0)+IF(ISNUMBER(I32),$D$32*I32,0)+IF(ISNUMBER(I33),$D$33*I33,0))/(IF(ISNUMBER(I31),$D$31,0)+IF(ISNUMBER(I32),$D$32,0)+IF(ISNUMBER(I33),$D$33,0)),"") -> 2.2238989 | J42: =IFERROR((IF(ISNUMBER(J31),$D$31*J31,0)+IF(ISNUMBER(J32),$D$32*J32,0)+IF(ISNUMBER(J33),$D$33*J33,0))/(IF(ISNUMBER(J31),$D$31,0)+IF(ISNUMBER(J32),$D$32,0)+IF(ISNUMBER(J33),$D$33,0)),"") -> 1.94058 | K42: =IFERROR((IF(ISNUMBER(K31),$D$31*K31,0)+IF(ISNUMBER(K32),$D$32*K32,0)+IF(ISNUMBER(K33),$D$33*K33,0))/(IF(ISNUMBER(K31),$D$31,0)+IF(ISNUMBER(K32),$D$32,0)+IF(ISNUMBER(K33),$D$33,0)),"") -> 1.5511037 | L42: =IFERROR((IF(ISNUMBER(L31),$D$31*L31,0)+IF(ISNUMBER(L32),$D$32*L32,0)+IF(ISNUMBER(L33),$D$33*L33,0))/(IF(ISNUMBER(L31),$D$31,0)+IF(ISNUMBER(L32),$D$32,0)+IF(ISNUMBER(L33),$D$33,0)),"") -> 1.3094327 | M42: =IFERROR((IF(ISNUMBER(M31),$D$31*M31,0)+IF(ISNUMBER(M32),$D$32*M32,0)+IF(ISNUMBER(M33),$D$33*M33,0))/(IF(ISNUMBER(M31),$D$31,0)+IF(ISNUMBER(M32),$D$32,0)+IF(ISNUMBER(M33),$D$33,0)),"") -> 1.1863195 | N42: =IFERROR((IF(ISNUMBER(N31),$D$31*N31,0)+IF(ISNUMBER(N32),$D$32*N32,0)+IF(ISNUMBER(N33),$D$33*N33,0))/(IF(ISNUMBER(N31),$D$31,0)+IF(ISNUMBER(N32),$D$32,0)+IF(ISNUMBER(N33),$D$33,0)),"") -> 1.1249017 | O42: =IFERROR((IF(ISNUMBER(O31),$D$31*O31,0)+IF(ISNUMBER(O32),$D$32*O32,0)+IF(ISNUMBER(O33),$D$33*O33,0))/(IF(ISNUMBER(O31),$D$31,0)+IF(ISNUMBER(O32),$D$32,0)+IF(ISNUMBER(O33),$D$33,0)),"") -> 0.98007785 | P42: =IFERROR((IF(ISNUMBER(P31),$D$31*P31,0)+IF(ISNUMBER(P32),$D$32*P32,0)+IF(ISNUMBER(P33),$D$33*P33,0))/(IF(ISNUMBER(P31),$D$31,0)+IF(ISNUMBER(P32),$D$32,0)+IF(ISNUMBER(P33),$D$33,0)),"") -> 0.80927933 | Q42: =IFERROR((IF(ISNUMBER(Q31),$D$31*Q31,0)+IF(ISNUMBER(Q32),$D$32*Q32,0)+IF(ISNUMBER(Q33),$D$33*Q33,0))/(IF(ISNUMBER(Q31),$D$31,0)+IF(ISNUMBER(Q32),$D$32,0)+IF(ISNUMBER(Q33),$D$33,0)),"") -> 0.91546185 | R42: =IFERROR(AVERAGE(M42:Q42),"") -> 1.0032081 | S42: =IFERROR(AVERAGE(I42:L42),"") -> 1.7562538
A43: Kedudukan tanpa Pengurusan | I43: =IFERROR(RANK(I42,$I$42:$Q$42),"") -> 1 | J43: =IFERROR(RANK(J42,$I$42:$Q$42),"") -> 2 | K43: =IFERROR(RANK(K42,$I$42:$Q$42),"") -> 3 | L43: =IFERROR(RANK(L42,$I$42:$Q$42),"") -> 4 | M43: =IFERROR(RANK(M42,$I$42:$Q$42),"") -> 5 | N43: =IFERROR(RANK(N42,$I$42:$Q$42),"") -> 6 | O43: =IFERROR(RANK(O42,$I$42:$Q$42),"") -> 7 | P43: =IFERROR(RANK(P42,$I$42:$Q$42),"") -> 9 | Q43: =IFERROR(RANK(Q42,$I$42:$Q$42),"") -> 8
A46: CARA MEMBACA SHEET INI
A47: 1 GARIS ASAS | D47: Garis asas (lajur D) = purata nilai guna 5 negeri sederhana. Nisbah 1.00 = sama dengan purata negeri sederhana; 2.00 = dua kali ganda.
A48: 2 MASUK SKOR? | D48: YA jika garis asas sah dan keempat-empat negeri besar ada data. Semua 9 negeri dibandingkan atas set sub-kriteria yang sama.
A49: 3 LAJUR PAKSA | D49: Lajur G (kuning) membolehkan sub-kriteria dipaksa masuk (YA) atau dikecualikan (TIDAK). Biarkan kosong untuk ikut peraturan automatik.
A50: 4 SKOR DAN INDEKS | D50: Skor kriteria = purata nisbah sub-kriteria yang diskor. Indeks komposit = jumlah (wajaran x skor) / jumlah wajaran kriteria yang ada skor.
A51: 5 LIPUTAN BERWAJARAN | D51: Menunjukkan berapa bahagian kerangka HQ (ikut wajaran) yang benar-benar disokong data. Baki diminta melalui sheet Borang Negeri.
A52: 6 TANPA PENGURUSAN | D52: Pengurusan (50%) kini diwakili oleh perjawatan sahaja; baris Indeks tanpa Pengurusan menguji sama ada kedudukan kekal tanpa kriteria itu.
A53: 7 WARNA NISBAH | D53: Oren = di bawah purata negeri sederhana (kurang 1.00); putih = setara (1.00); hijau = di atas purata (lebih 1.00), semakin gelap semakin tinggi.

Sheet Senario B Geografi
B1: SENARIO B: WAJARAN HQ + FAKTOR KELUASAN KAWASAN (CADANGAN KUMPULAN 4)
B2: ="Wajaran keluasan "&TEXT(W_GEO,"0%")&"; wajaran HQ didarab "&TEXT(1-W_GEO,"0%")&" | 1.00 = purata 5 negeri sederhana | Had nisbah: "&IF(P_HAD>=99,"tiada",TEXT(P_HAD,"0.0")) -> Wajaran keluasan 10%; wajaran HQ didarab 90% | 1.00 = purata 5 negeri sederhana | Had nisbah: tiada
B4: Kriteria | C4: Wajaran HQ (A) | D4: Wajaran B
B5: Pendidikan Awal Kanak-Kanak | C5: =W_PAKK -> 0.2 | D5: =C5*(1-W_GEO) -> 0.18
B6: Kemahiran | C6: =W_KEM -> 0.15 | D6: =C6*(1-W_GEO) -> 0.135
B7: Komuniti | C7: =W_KOM -> 0.15 | D7: =C7*(1-W_GEO) -> 0.135
B8: Pengurusan | C8: =W_PENG -> 0.5 | D8: =C8*(1-W_GEO) -> 0.45
B9: Keluasan kawasan (tiada dalam kerangka HQ) | C9: 0 | D9: =W_GEO -> 0.1
B10: JUMLAH | C10: =SUM(C5:C9) -> 1 | D10: =SUM(D5:D9) -> 1
B12: Item | C12: Wajaran B / garis asas | D12: Sarawak | E12: Sabah | F12: Johor | G12: Perak | H12: Selangor | I12: Kedah | J12: Pahang | K12: Terengganu | L12: Kelantan | M12: Purata sederhana | N12: Purata besar
B13: Keluasan kawasan (km²) | C13: =AVERAGE(H13:L13) -> 16375 | D13: ='Data 9 Negeri'!D105 -> 124450 | E13: ='Data 9 Negeri'!E105 -> 73904 | F13: ='Data 9 Negeri'!F105 -> 19210 | G13: ='Data 9 Negeri'!G105 -> 21035 | H13: ='Data 9 Negeri'!H105 -> 8104 | I13: ='Data 9 Negeri'!I105 -> 9500 | J13: ='Data 9 Negeri'!J105 -> 36137 | K13: ='Data 9 Negeri'!K105 -> 13035 | L13: ='Data 9 Negeri'!L105 -> 15099 | M13: =IFERROR(AVERAGE(H13:L13),"") -> 16375 | N13: =IFERROR(AVERAGE(D13:G13),"") -> 59649.75
B14: Nisbah keluasan (/ purata sederhana) | C14: =D9 -> 0.1 | D14: =IFERROR(MIN(D13/$C$13,P_HAD),"") -> 7.6 | E14: =IFERROR(MIN(E13/$C$13,P_HAD),"") -> 4.5132214 | F14: =IFERROR(MIN(F13/$C$13,P_HAD),"") -> 1.1731298 | G14: =IFERROR(MIN(G13/$C$13,P_HAD),"") -> 1.2845802 | H14: =IFERROR(MIN(H13/$C$13,P_HAD),"") -> 0.49490076 | I14: =IFERROR(MIN(I13/$C$13,P_HAD),"") -> 0.58015267 | J14: =IFERROR(MIN(J13/$C$13,P_HAD),"") -> 2.2068397 | K14: =IFERROR(MIN(K13/$C$13,P_HAD),"") -> 0.79603053 | L14: =IFERROR(MIN(L13/$C$13,P_HAD),"") -> 0.92207634 | M14: =IFERROR(AVERAGE(H14:L14),"") -> 1 | N14: =IFERROR(AVERAGE(D14:G14),"") -> 3.6427328
B15: Skor Pendidikan Awal Kanak-Kanak (dari Senario A) | C15: =D5 -> 0.18 | D15: ='Skor Senario A'!I31 -> 1.6252125 | E15: ='Skor Senario A'!J31 -> 1.6718204 | F15: ='Skor Senario A'!K31 -> 1.3282628 | G15: ='Skor Senario A'!L31 -> 1.0184729 | H15: ='Skor Senario A'!M31 -> 1.1509974 | I15: ='Skor Senario A'!N31 -> 1.1094232 | J15: ='Skor Senario A'!O31 -> 0.95924429 | K15: ='Skor Senario A'!P31 -> 0.89039756 | L15: ='Skor Senario A'!Q31 -> 0.88993749 | M15: =IFERROR(AVERAGE(H15:L15),"") -> 1 | N15: =IFERROR(AVERAGE(D15:G15),"") -> 1.4109422
B16: Skor Kemahiran (dari Senario A) | C16: =D6 -> 0.135 | D16: ='Skor Senario A'!I32 -> 1.3513996 | E16: ='Skor Senario A'!J32 -> 2.2043669 | F16: ='Skor Senario A'!K32 -> 1.9332434 | G16: ='Skor Senario A'!L32 -> 1.7310968 | H16: ='Skor Senario A'!M32 -> 1.0822197 | I16: ='Skor Senario A'!N32 -> 0.69510719 | J16: ='Skor Senario A'!O32 -> 1.4028652 | K16: ='Skor Senario A'!P32 -> 0.82051469 | L16: ='Skor Senario A'!Q32 -> 0.99929317 | M16: =IFERROR(AVERAGE(H16:L16),"") -> 1 | N16: =IFERROR(AVERAGE(D16:G16),"") -> 1.8050267
B17: Skor Komuniti (dari Senario A) | C17: =D7 -> 0.135 | D17: ='Skor Senario A'!I33 -> 3.8946466 | E17: ='Skor Senario A'!J33 -> 2.0351392 | F17: ='Skor Senario A'!K33 -> 1.4660853 | G17: ='Skor Senario A'!L33 -> 1.2757149 | H17: ='Skor Senario A'!M33 -> 1.3375154 | I17: ='Skor Senario A'!N33 -> 1.5753343 | J17: ='Skor Senario A'!O33 -> 0.58506858 | K17: ='Skor Senario A'!P33 -> 0.68988634 | L17: ='Skor Senario A'!Q33 -> 0.86566299 | M17: =IFERROR(AVERAGE(H17:L17),"") -> 1.0106935 | N17: =IFERROR(AVERAGE(D17:G17),"") -> 2.1678965
B18: Skor Pengurusan (dari Senario A) | C18: =D8 -> 0.45 | D18: ='Skor Senario A'!I34 -> 2.126425 | E18: ='Skor Senario A'!J34 -> 1.4187667 | F18: ='Skor Senario A'!K34 -> 0.75407858 | G18: ='Skor Senario A'!L34 -> 1.6412385 | H18: ='Skor Senario A'!M34 -> 1.2566109 | I18: ='Skor Senario A'!N34 -> 1.115104 | J18: ='Skor Senario A'!O34 -> 1.1494296 | K18: ='Skor Senario A'!P34 -> 1.0157208 | L18: ='Skor Senario A'!Q34 -> 0.46313469 | M18: =IFERROR(AVERAGE(H18:L18),"") -> 1 | N18: =IFERROR(AVERAGE(D18:G18),"") -> 1.4851272
B20: INDEKS KOMPOSIT SENARIO B | D20: =IFERROR((IF(ISNUMBER(D15),$C$15*D15,0)+IF(ISNUMBER(D16),$C$16*D16,0)+IF(ISNUMBER(D17),$C$17*D17,0)+IF(ISNUMBER(D18),$C$18*D18,0)+IF(ISNUMBER(D14),$C$14*D14,0))/(IF(ISNUMBER(D15),$C$15,0)+IF(ISNUMBER(D16),$C$16,0)+IF(ISNUMBER(D17),$C$17,0)+IF(ISNUMBER(D18),$C$18,0)+IF(ISNUMBER(D14),$C$14,0)),"") -> 2.7176458 | E20: =IFERROR((IF(ISNUMBER(E15),$C$15*E15,0)+IF(ISNUMBER(E16),$C$16*E16,0)+IF(ISNUMBER(E17),$C$17*E17,0)+IF(ISNUMBER(E18),$C$18*E18,0)+IF(ISNUMBER(E14),$C$14*E14,0))/(IF(ISNUMBER(E15),$C$15,0)+IF(ISNUMBER(E16),$C$16,0)+IF(ISNUMBER(E17),$C$17,0)+IF(ISNUMBER(E18),$C$18,0)+IF(ISNUMBER(E14),$C$14,0)),"") -> 1.9630281 | F20: =IFERROR((IF(ISNUMBER(F15),$C$15*F15,0)+IF(ISNUMBER(F16),$C$16*F16,0)+IF(ISNUMBER(F17),$C$17*F17,0)+IF(ISNUMBER(F18),$C$18*F18,0)+IF(ISNUMBER(F14),$C$14*F14,0))/(IF(ISNUMBER(F15),$C$15,0)+IF(ISNUMBER(F16),$C$16,0)+IF(ISNUMBER(F17),$C$17,0)+IF(ISNUMBER(F18),$C$18,0)+IF(ISNUMBER(F14),$C$14,0)),"") -> 1.154645 | G20: =IFERROR((IF(ISNUMBER(G15),$C$15*G15,0)+IF(ISNUMBER(G16),$C$16*G16,0)+IF(ISNUMBER(G17),$C$17*G17,0)+IF(ISNUMBER(G18),$C$18*G18,0)+IF(ISNUMBER(G14),$C$14*G14,0))/(IF(ISNUMBER(G15),$C$15,0)+IF(ISNUMBER(G16),$C$16,0)+IF(ISNUMBER(G17),$C$17,0)+IF(ISNUMBER(G18),$C$18,0)+IF(ISNUMBER(G14),$C$14,0)),"") -> 1.45626 | H20: =IFERROR((IF(ISNUMBER(H15),$C$15*H15,0)+IF(ISNUMBER(H16),$C$16*H16,0)+IF(ISNUMBER(H17),$C$17*H17,0)+IF(ISNUMBER(H18),$C$18*H18,0)+IF(ISNUMBER(H14),$C$14*H14,0))/(IF(ISNUMBER(H15),$C$15,0)+IF(ISNUMBER(H16),$C$16,0)+IF(ISNUMBER(H17),$C$17,0)+IF(ISNUMBER(H18),$C$18,0)+IF(ISNUMBER(H14),$C$14,0)),"") -> 1.1488088 | I20: =IFERROR((IF(ISNUMBER(I15),$C$15*I15,0)+IF(ISNUMBER(I16),$C$16*I16,0)+IF(ISNUMBER(I17),$C$17*I17,0)+IF(ISNUMBER(I18),$C$18*I18,0)+IF(ISNUMBER(I14),$C$14*I14,0))/(IF(ISNUMBER(I15),$C$15,0)+IF(ISNUMBER(I16),$C$16,0)+IF(ISNUMBER(I17),$C$17,0)+IF(ISNUMBER(I18),$C$18,0)+IF(ISNUMBER(I14),$C$14,0)),"") -> 1.0660179 | J20: =IFERROR((IF(ISNUMBER(J15),$C$15*J15,0)+IF(ISNUMBER(J16),$C$16*J16,0)+IF(ISNUMBER(J17),$C$17*J17,0)+IF(ISNUMBER(J18),$C$18*J18,0)+IF(ISNUMBER(J14),$C$14*J14,0))/(IF(ISNUMBER(J15),$C$15,0)+IF(ISNUMBER(J16),$C$16,0)+IF(ISNUMBER(J17),$C$17,0)+IF(ISNUMBER(J18),$C$18,0)+IF(ISNUMBER(J14),$C$14,0)),"") -> 1.1789623 | K20: =IFERROR((IF(ISNUMBER(K15),$C$15*K15,0)+IF(ISNUMBER(K16),$C$16*K16,0)+IF(ISNUMBER(K17),$C$17*K17,0)+IF(ISNUMBER(K18),$C$18*K18,0)+IF(ISNUMBER(K14),$C$14*K14,0))/(IF(ISNUMBER(K15),$C$15,0)+IF(ISNUMBER(K16),$C$16,0)+IF(ISNUMBER(K17),$C$17,0)+IF(ISNUMBER(K18),$C$18,0)+IF(ISNUMBER(K14),$C$14,0)),"") -> 0.90085311 | L20: =IFERROR((IF(ISNUMBER(L15),$C$15*L15,0)+IF(ISNUMBER(L16),$C$16*L16,0)+IF(ISNUMBER(L17),$C$17*L17,0)+IF(ISNUMBER(L18),$C$18*L18,0)+IF(ISNUMBER(L14),$C$14*L14,0))/(IF(ISNUMBER(L15),$C$15,0)+IF(ISNUMBER(L16),$C$16,0)+IF(ISNUMBER(L17),$C$17,0)+IF(ISNUMBER(L18),$C$18,0)+IF(ISNUMBER(L14),$C$14,0)),"") -> 0.71257608 | M20: =IFERROR(AVERAGE(H20:L20),"") -> 1.0014436 | N20: =IFERROR(AVERAGE(D20:G20),"") -> 1.8228947
B21: Kedudukan B (1 = beban tertinggi daripada 9) | D21: =IFERROR(RANK(D20,$D$20:$L$20),"") -> 1 | E21: =IFERROR(RANK(E20,$D$20:$L$20),"") -> 2 | F21: =IFERROR(RANK(F20,$D$20:$L$20),"") -> 5 | G21: =IFERROR(RANK(G20,$D$20:$L$20),"") -> 3 | H21: =IFERROR(RANK(H20,$D$20:$L$20),"") -> 6 | I21: =IFERROR(RANK(I20,$D$20:$L$20),"") -> 7 | J21: =IFERROR(RANK(J20,$D$20:$L$20),"") -> 4 | K21: =IFERROR(RANK(K20,$D$20:$L$20),"") -> 8 | L21: =IFERROR(RANK(L20,$D$20:$L$20),"") -> 9
B22: Indeks Senario A (rujukan) | D22: ='Skor Senario A'!I38 -> 2.1751619 | E22: ='Skor Senario A'!J38 -> 1.6796733 | F22: ='Skor Senario A'!K38 -> 1.1525912 | G22: ='Skor Senario A'!L38 -> 1.4753356 | H22: ='Skor Senario A'!M38 -> 1.2214652 | I22: ='Skor Senario A'!N38 -> 1.1200029 | J22: ='Skor Senario A'!O38 -> 1.0647537 | K22: ='Skor Senario A'!P38 -> 0.91250007 | L22: ='Skor Senario A'!Q38 -> 0.68929827 | M22: =IFERROR(AVERAGE(H22:L22),"") -> 1.001604 | N22: =IFERROR(AVERAGE(D22:G22),"") -> 1.6206905
B23: Beza (B - A) | D23: =IFERROR(D20-D22,"") -> 0.54248381 | E23: =IFERROR(E20-E22,"") -> 0.28335481 | F23: =IFERROR(F20-F22,"") -> 0.0020538608 | G23: =IFERROR(G20-G22,"") -> -0.019075542 | H23: =IFERROR(H20-H22,"") -> -0.072656445 | I23: =IFERROR(I20-I22,"") -> -0.053985021 | J23: =IFERROR(J20-J22,"") -> 0.1142086 | K23: =IFERROR(K20-K22,"") -> -0.011646953 | L23: =IFERROR(L20-L22,"") -> 0.023277807 | M23: =IFERROR(AVERAGE(H23:L23),"") -> -0.00016040285 | N23: =IFERROR(AVERAGE(D23:G23),"") -> 0.20220423
B26: RASIONAL SENARIO B
B27: 1 MENGAPA KELUASAN | C27: Kerangka HQ mengukur volum (kelas, guru, peserta, perjawatan) tetapi tidak mengukur jarak dan liputan. Negeri besar menanggung kos masa dan logistik penyeliaan yang jauh lebih tinggi bagi setiap unit volum (perjalanan darat, sungai dan udara; kawasan pedalaman).
B28: 2 STATUS CADANGAN | C28: Senario B ialah cadangan Kumpulan 4 dan bukan sebahagian kerangka HQ asal. Wajaran keluasan boleh diubah di sheet Ringkasan (sel W_GEO).
B29: 3 UJI KEPEKAAN | C29: Nisbah keluasan Sarawak dan Sabah sangat tinggi. Uji Had nisbah = 3.0 di sheet Ringkasan untuk melihat senario yang lebih konservatif.

Sheet Data 9 Negeri
A1: DATA 9 NEGERI: NILAI ASAL HQ, SUMBER NASIONAL, SUMBER NEGERI DAN NILAI GUNA
A2: Biru = input keras disalin daripada sumber | Hitam = formula | Hijau = pautan dari sheet lain | Kelabu = tidak berkenaan. [BELUM ADA] = data negeri besar belum dikemukakan (diminta melalui Borang Negeri). Suis Sumber garis asas di sheet Ringkasan. Setiap blok berwarna berbeza untuk memudahkan rujukan.
A3: Kod | B3: Kriteria | C3: Sub kriteria | D3: Sarawak | E3: Sabah | F3: Johor | G3: Perak | H3: Selangor | I3: Kedah | J3: Pahang | K3: Terengganu | L3: Kelantan | M3: Sumber / catatan
A4: A. NILAI ASAL FAIL HQ (5 negeri sederhana; dibersihkan untuk pengiraan, teks asal dikekalkan jika bukan angka)
A5: 1.1 | B5: Pendidikan Awal Kanak-Kanak | C5: Bilangan kelas TABIKA | H5: 1049 | I5: 803 | J5: 879 | K5: 839 | L5: 733 | M5: HQ Sheet6.
A6: 1.2 | B6: Pendidikan Awal Kanak-Kanak | C6: Bilangan kelas TASKA | H6: 38 | I6: 56 | J6: 35 | K6: 31 | L6: 37 | M6: HQ Sheet6.
A7: 1.3 | B7: Pendidikan Awal Kanak-Kanak | C7: Bilangan guru TABIKA | H7: 942 | I7: 793 | J7: 879 | K7: 832 | L7: 770 | M7: HQ Sheet6.
A8: 1.4 | B8: Pendidikan Awal Kanak-Kanak | C8: Bilangan guru TASKA | H8: 130 | I8: 191 | J8: 116 | K8: 102 | L8: 116 | M8: HQ Sheet6.
A9: 1.5 | B9: Pendidikan Awal Kanak-Kanak | C9: Bilangan pembantu | H9: 1081 | I9: 860 | J9: 914 | K9: 837 | L9: 771 | M9: HQ Sheet6. Kelantan: formula HQ =734+37 (771).
A10: 1.6 | B10: Pendidikan Awal Kanak-Kanak | C10: Bilangan murid TABIKA | H10: 25695 | I10: 16794 | J10: 15647 | K10: 18258 | L10: 15723 | M10: HQ Sheet6. Terengganu: teks HQ '18,258' ditukar kepada nombor. Kelantan: formula HQ =16440-717 (15,723).
A11: 1.7 | B11: Pendidikan Awal Kanak-Kanak | C11: Bilangan murid TASKA | H11: 804 | I11: 1148 | J11: 716 | K11: 594 | L11: 717 | M11: HQ Sheet6. Terengganu: teks HQ '594' ditukar kepada nombor.
A12: 1.8 | B12: Pendidikan Awal Kanak-Kanak | C12: Bilangan penyelia daerah | H12: 20 | I12: 16 | J12: 19 | K12: 16 | L12: 17 | M12: HQ Sheet6. HQ bercampur: Selangor 20 = kuota PPPAK; Pahang 19 = pengisian; Kedah 16 tidak sepadan (kuota 17, pengisian 15).
A13: 2.1 | B13: Kemahiran | C13: Bilangan kelas | H13: 64 | I13: 45 | J13: 207 | K13: 67 | L13: 38 | M13: HQ Sheet6.
A14: 2.2 | B14: Kemahiran | C14: Bilangan program / aktiviti | H14: 165 | I14: 52 | J14: 163 | K14: 82 | L14: 100 | M14: HQ Sheet6. Terengganu: HQ '≥82*' dibaca 82 (had bawah).
A15: 2.3 | B15: Kemahiran | C15: Bilangan guru | H15: 59 | I15: 37 | J15: 44 | K15: 59 | L15: 36 | M15: HQ Sheet6.
A16: 2.4 | B16: Kemahiran | C16: Bilangan peserta | H16: 3292 | I16: 234 | J16: 2734 | K16: 1192 | L16: 1266 | M16: HQ Sheet6.
... A18: 3.2 | B18: Komuniti | C18: Bilangan populasi | H18: 3592000 | I18: 2170900 | J18: 1338885.5 | K18: 1178412 | L18: 1797501 | M18: HQ Sheet6. Pahang: teks HQ '1,338,885.542*' dibaca sebagai nombor.
A19: 3.3 | B19: Komuniti | C19: Bilangan aktiviti / program | H19: 102 | I19: Tidak dinyatakan | J19: Tidak diasingkan | K19: 54 | L19: 123 | M19: HQ Sheet6. Terengganu: HQ '≥54*' dibaca 54 (had bawah).
A20: 3.4 | B20: Komuniti | C20: Bilangan peserta | H20: 3404 | I20: Tiada data | J20: Tiada data | K20: Tiada data | L20: 13803 | M20: HQ Sheet6. Hanya Selangor dan Kelantan ada nilai dalam HQ.
A21: 4.1 | B21: Pengurusan | C21: Aset alih | H21: Tiada jumlah negeri | I21: Tiada jumlah negeri | J21: 37916 | K21: Tiada jumlah negeri | L21: Tiada jumlah negeri | M21: HQ Sheet6. Pahang: harta modal 1,621 + aset bernilai rendah 36,295 = 37,916 item (RM6,387,714.44 + RM8,877,928.52).
A22: 4.2 | B22: Pengurusan | C22: Aset tidak alih | H22: Tiada jumlah negeri | I22: Tiada jumlah negeri | J22: 808 | K22: Tiada jumlah negeri | L22: 726 | M22: HQ Sheet6. Pahang dan Kelantan sahaja.
A23: 4.3 | B23: Pengurusan | C23: Bajet (OE) | H23: Tiada jumlah negeri | I23: Tiada jumlah negeri | J23: 83041540 | K23: Tiada jumlah negeri | L23: 75867627 | M23: HQ Sheet6. Pahang dan Kelantan sahaja (RM).
A24: 4.4 | B24: Pengurusan | C24: Bajet (DE) | H24: Tiada jumlah negeri | I24: Tiada jumlah negeri | J24: 1849640 | K24: Tiada jumlah negeri | L24: 1527000 | M24: HQ Sheet6. Pahang dan Kelantan sahaja (RM).
A25: 4.5 | B25: Pengurusan | C25: Bilangan Baucer | H25: Tiada jumlah negeri | I25: Tiada jumlah negeri | J25: 3568 | K25: Tiada jumlah negeri | L25: Tiada jumlah negeri | M25: HQ Sheet6. Pahang: HQ '3568 (RM21,395,977.75)' dibaca 3,568 baucer.
A26: 4.6 | B26: Pengurusan | C26: Bilangan projek dan program | H26: 278 | I26: 250 | J26: 259 | K26: 184 | L26: 31 | M26: HQ Sheet6. Kedah '250 (PAK sahaja)'; Pahang '≥259*'; Terengganu '≥184*' dibaca sebagai angka.
A27: 4.7 | B27: Pengurusan | C27: Perjawatan / pengurusan pegawai | H27: 1328 | I27: 1159 | J27: 1187 | K27: 1313 | L27: 910 | M27: HQ Sheet6.
A29: B. SUMBER NASIONAL (satu sumber yang sama untuk semua negeri; kosong = tiada sumber nasional)
A30: 1.1 | B30: Pendidikan Awal Kanak-Kanak | C30: Bilangan kelas TABIKA | D30: 1300 | E30: 1402 | F30: 1162 | G30: 804 | H30: 1049 | I30: 803 | J30: 879 | K30: 839 | L30: 733 | M30: BPAK Data Kelas TABIKA 2026 (kemas kini Mei 2026): Bilangan Kelas.
A31: 1.2 | B31: Pendidikan Awal Kanak-Kanak | C31: Bilangan kelas TASKA | D31: 85 | E31: 67 | F31: 59 | G31: 44 | H31: 38 | I31: 56 | J31: 36 | K31: 31 | L31: 37 | M31: BPAK Data Kelas TASKA 2026 (Mei 2026): Bilangan Kelas. Pahang 36 (HQ 35).
A32: 1.3 | B32: Pendidikan Awal Kanak-Kanak | C32: Bilangan guru TABIKA | D32: 1291 | E32: 1349 | F32: 1043 | G32: 757 | H32: 947 | I32: 756 | J32: 834 | K32: 825 | L32: 733 | M32: BPAK Data Kelas TABIKA 2026: jumlah PM gred S5 + S1 (kontrak + JSKT).
A33: 1.4 | B33: Pendidikan Awal Kanak-Kanak | C33: Bilangan guru TASKA | D33: 249 | E33: 206 | F33: 179 | G33: 149 | H33: 168 | I33: 197 | J33: 117 | K33: 104 | L33: 115 | M33: BPAK Data Kelas TASKA 2026: jumlah PM gred S5 + S1 (kontrak + JSKT).
A34: 1.5 | B34: Pendidikan Awal Kanak-Kanak | C34: Bilangan pembantu | M34: Tiada sumber nasional.
A35: 1.6 | B35: Pendidikan Awal Kanak-Kanak | C35: Bilangan murid TABIKA | M35: Tiada sumber nasional.
A36: 1.7 | B36: Pendidikan Awal Kanak-Kanak | C36: Bilangan murid TASKA | M36: Tiada sumber nasional.
A37: 1.8 | B37: Pendidikan Awal Kanak-Kanak | C37: Bilangan penyelia daerah | D37: 37 | E37: 36 | F37: 20 | G37: 21 | H37: 18 | I37: 15 | J37: 19 | K37: 16 | L37: 17 | M37: PPPAK Rumusan Pengisian 2026: lajur Pengisian (penyelia yang ada).
A38: 2.1 | B38: Kemahiran | C38: Bilangan kelas | D38: 158 | E38: 230 | F38: 201 | G38: 190 | H38: 120 | I38: 63 | J38: 155 | K38: 91 | L38: 111 | M38: PKEM 2026 sheet PREMIS: bilangan rekod kelas (Nama Kelas). Lajur BIL KUMP / KELAS tidak seragam dan tidak digunakan.
A39: 2.2 | B39: Kemahiran | C39: Bilangan program / aktiviti | M39: Tiada sumber nasional.
A40: 2.3 | B40: Kemahiran | C40: Bilangan guru | D40: 68 | E40: 112 | F40: 88 | G40: 92 | H40: 63 | I40: 59 | J40: 62 | K40: 59 | L40: 58 | M40: PKEM 2026 sheet PM: bilangan PM (tidak termasuk rekod kosong; Kelantan 1 kosong).
A41: 2.4 | B41: Kemahiran | C41: Bilangan peserta | D41: 2496 | E41: 4081 | F41: 2842 | G41: 3261 | H41: 1032 | I41: 1107 | J41: 2489 | K41: 1071 | L41: 1638 | M41: PKEM 2026 sheet PREMIS: jumlah Bilangan Peserta. Kelas tanpa angka peserta: lihat Bahagian F.
A42: 3.1 | B42: Komuniti | C42: Bilangan kampung | M42: Tiada sumber nasional.
A43: 3.2 | B43: Komuniti | C43: Bilangan populasi | D43: 2509500 | E43: 3592800 | F43: 4100900 | G43: 2540400 | H43: 7205300 | I43: 2187500 | J43: 1642700 | K43: 1209400 | L43: 1857600 | M43: DOSM (OpenDOSM population_state): anggaran penduduk semasa 2023, ribu x 1,000.
A44: 3.3 | B44: Komuniti | C44: Bilangan aktiviti / program | M44: Tiada sumber nasional.
A45: 3.4 | B45: Komuniti | C45: Bilangan peserta | M45: Tiada sumber nasional.
A46: 4.1 | B46: Pengurusan | C46: Aset alih | M46: Tiada sumber nasional.
A47: 4.2 | B47: Pengurusan | C47: Aset tidak alih | M47: Tiada sumber nasional.
A48: 4.3 | B48: Pengurusan | C48: Bajet (OE) | M48: Tiada sumber nasional.
A49: 4.4 | B49: Pengurusan | C49: Bajet (DE) | M49: Tiada sumber nasional.
A50: 4.5 | B50: Pengurusan | C50: Bilangan Baucer | M50: Tiada sumber nasional.
A51: 4.6 | B51: Pengurusan | C51: Bilangan projek dan program | M51: Tiada sumber nasional.
A52: 4.7 | B52: Pengurusan | C52: Perjawatan / pengurusan pegawai | M52: Tiada sumber nasional.
A54: C. SUMBER NEGERI BESAR (Lampiran 1 dan 3/4 negeri, Kertas Cadangan v2.3, Borang Negeri)
A55: 1.1 | B55: Pendidikan Awal Kanak-Kanak | C55: Bilangan kelas TABIKA | M55: Guna sumber nasional.
A56: 1.2 | B56: Pendidikan Awal Kanak-Kanak | C56: Bilangan kelas TASKA | M56: Guna sumber nasional.
A57: 1.3 | B57: Pendidikan Awal Kanak-Kanak | C57: Bilangan guru TABIKA | M57: Guna sumber nasional.
A58: 1.4 | B58: Pendidikan Awal Kanak-Kanak | C58: Bilangan guru TASKA | M58: Guna sumber nasional.
A59: 1.5 | B59: Pendidikan Awal Kanak-Kanak | C59: Bilangan pembantu | D59: =IF(ISNUMBER('Borang Negeri'!G14),'Borang Negeri'!G14,"") -> 1263 | E59: =IF(ISNUMBER('Borang Negeri'!H14),'Borang Negeri'!H14,"") -> 1465 | F59: =IF(ISNUMBER('Borang Negeri'!I14),'Borang Negeri'!I14,"") -> 1223 | G59: =IF(ISNUMBER('Borang Negeri'!J14),'Borang Negeri'!J14,"") -> 849 | M59: Borang Negeri B1. L4 hanya merekod Pembantu PM gred H1 (takrif tidak setara).
A60: 1.6 | B60: Pendidikan Awal Kanak-Kanak | C60: Bilangan murid TABIKA | D60: =IF(ISNUMBER('Borang Negeri'!G15),'Borang Negeri'!G15,"") -> 16243 | E60: =IF(ISNUMBER('Borang Negeri'!H15),'Borang Negeri'!H15,"") -> 26211 | F60: =IF(ISNUMBER('Borang Negeri'!I15),'Borang Negeri'!I15,"") -> 23984 | G60: =IF(ISNUMBER('Borang Negeri'!J15),'Borang Negeri'!J15,"") -> 15211 | M60: Borang Negeri B2.
A61: 1.7 | B61: Pendidikan Awal Kanak-Kanak | C61: Bilangan murid TASKA | D61: =IF(ISNUMBER('Borang Negeri'!G16),'Borang Negeri'!G16,"") -> 1209 | E61: =IF(ISNUMBER('Borang Negeri'!H16),'Borang Negeri'!H16,"") -> 1397 | F61: =IF(ISNUMBER('Borang Negeri'!I16),'Borang Negeri'!I16,"") -> 1104 | G61: =IF(ISNUMBER('Borang Negeri'!J16),'Borang Negeri'!J16,"") -> 878 | M61: Borang Negeri B3.
A62: 1.8 | B62: Pendidikan Awal Kanak-Kanak | C62: Bilangan penyelia daerah | M62: Guna sumber nasional.
A63: 2.1 | B63: Kemahiran | C63: Bilangan kelas | E63: 543 | M63: Sabah: pengesahan terus negeri (Sept 2026), menggantikan anggaran PKEM bagi Sabah sahaja.
A64: 2.2 | B64: Kemahiran | C64: Bilangan program / aktiviti | D64: =IF(ISNUMBER('Borang Negeri'!G17),'Borang Negeri'!G17,"") -> 125 | E64: =IF(ISNUMBER('Borang Negeri'!H17),'Borang Negeri'!H17,"") -> 230 | F64: =IF(ISNUMBER('Borang Negeri'!I17),'Borang Negeri'!I17,"") -> 278 | G64: =IF(ISNUMBER('Borang Negeri'!J17),'Borang Negeri'!J17,"") -> 159 | M64: Borang Negeri B4.
A65: 2.3 | B65: Kemahiran | C65: Bilangan guru | M65: Guna sumber nasional.
A66: 2.4 | B66: Kemahiran | C66: Bilangan peserta | M66: Guna sumber nasional.
A67: 3.1 | B67: Komuniti | C67: Bilangan kampung | D67: 6906 | E67: =E108+SUM('Borang Negeri'!G32:G36) -> 2558 | F67: 631 | G67: 1079 | M67: L1 Profil Negeri (jumlah semua DUN). Sabah = jumlah L1 yang ada + daerah yang diisi dalam Borang bahagian B.
A68: 3.2 | B68: Komuniti | C68: Bilangan populasi | D68: 2453305 | E68: =E109+SUM('Borang Negeri'!H32:H35) -> 2097551 | F68: 2727626 | G68: 2529700 | M68: L1 Profil Negeri (jumlah semua DUN). Sabah = jumlah L1 yang ada + daerah yang diisi dalam Borang bahagian B.
A69: 3.3 | B69: Komuniti | C69: Bilangan aktiviti / program | D69: =IF(ISNUMBER('Borang Negeri'!G18),'Borang Negeri'!G18,"") -> 382 | E69: =IF(ISNUMBER('Borang Negeri'!H18),'Borang Negeri'!H18,"") -> 219 | F69: =IF(ISNUMBER('Borang Negeri'!I18),'Borang Negeri'!I18,"") -> 217 | G69: =IF(ISNUMBER('Borang Negeri'!J18),'Borang Negeri'!J18,"") -> 175 | M69: Borang Negeri B5.
A70: 3.4 | B70: Komuniti | C70: Bilangan peserta | D70: =IF(ISNUMBER('Borang Negeri'!G19),'Borang Negeri'!G19,"") -> 20010 | E70: =IF(ISNUMBER('Borang Negeri'!H19),'Borang Negeri'!H19,"") -> 4313 | F70: =IF(ISNUMBER('Borang Negeri'!I19),'Borang Negeri'!I19,"") -> 2546 | G70: =IF(ISNUMBER('Borang Negeri'!J19),'Borang Negeri'!J19,"") -> 8500 | M70: Borang Negeri B6.
A71: 4.1 | B71: Pengurusan | C71: Aset alih | D71: =IF(ISNUMBER('Borang Negeri'!G20),'Borang Negeri'!G20,"") -> 28630 | E71: =IF(ISNUMBER('Borang Negeri'!H20),'Borang Negeri'!H20,"") -> 36669 | F71: =IF(ISNUMBER('Borang Negeri'!I20),'Borang Negeri'!I20,"") | G71: =IF(ISNUMBER('Borang Negeri'!J20),'Borang Negeri'!J20,"") -> 30408 | M71: Borang Negeri B7 (bilangan item).
A72: 4.2 | B72: Pengurusan | C72: Aset tidak alih | D72: =IF(ISNUMBER('Borang Negeri'!G22),'Borang Negeri'!G22,"") | E72: =IF(ISNUMBER('Borang Negeri'!H22),'Borang Negeri'!H22,"") -> 1022 | F72: =IF(ISNUMBER('Borang Negeri'!I22),'Borang Negeri'!I22,"") -> 893 | G72: =IF(ISNUMBER('Borang Negeri'!J22),'Borang Negeri'!J22,"") -> 367 | M72: Borang Negeri B9.
A73: 4.3 | B73: Pengurusan | C73: Bajet (OE) | D73: =IF(ISNUMBER('Borang Negeri'!G23),'Borang Negeri'!G23,"") -> 6896060.2 | E73: =IF(ISNUMBER('Borang Negeri'!H23),'Borang Negeri'!H23,"") -> 76816482 | F73: =IF(ISNUMBER('Borang Negeri'!I23),'Borang Negeri'!I23,"") -> 101223814 | G73: =IF(ISNUMBER('Borang Negeri'!J23),'Borang Negeri'!J23,"") -> 87049719 | M73: Borang Negeri B10 (RM).
A74: 4.4 | B74: Pengurusan | C74: Bajet (DE) | D74: =IF(ISNUMBER('Borang Negeri'!G24),'Borang Negeri'!G24,"") -> 8351734.2 | E74: =IF(ISNUMBER('Borang Negeri'!H24),'Borang Negeri'!H24,"") -> 7031639 | F74: =IF(ISNUMBER('Borang Negeri'!I24),'Borang Negeri'!I24,"") -> 3911500 | G74: =IF(ISNUMBER('Borang Negeri'!J24),'Borang Negeri'!J24,"") -> 3038000 | M74: Borang Negeri B11 (RM).
A75: 4.5 | B75: Pengurusan | C75: Bilangan Baucer | D75: =IF(ISNUMBER('Borang Negeri'!G25),'Borang Negeri'!G25,"") -> 15000 | E75: =IF(ISNUMBER('Borang Negeri'!H25),'Borang Negeri'!H25,"") -> 3997 | F75: =IF(ISNUMBER('Borang Negeri'!I25),'Borang Negeri'!I25,"") -> 4825 | G75: =IF(ISNUMBER('Borang Negeri'!J25),'Borang Negeri'!J25,"") -> 7500 | M75: Borang Negeri B12.
A76: 4.6 | B76: Pengurusan | C76: Bilangan projek dan program | D76: =IF(ISNUMBER('Borang Negeri'!G27),'Borang Negeri'!G27,"") -> 507 | E76: =IF(ISNUMBER('Borang Negeri'!H27),'Borang Negeri'!H27,"") -> 204 | F76: =IF(ISNUMBER('Borang Negeri'!I27),'Borang Negeri'!I27,"") -> 46 | G76: =IF(ISNUMBER('Borang Negeri'!J27),'Borang Negeri'!J27,"") -> 450 | M76: Borang Negeri B14.
A77: 4.7 | B77: Pengurusan | C77: Perjawatan / pengurusan pegawai | D77: =IF(ISNUMBER('Borang Negeri'!G28),'Borang Negeri'!G28,D112) -> 2032 | E77: =IF(ISNUMBER('Borang Negeri'!H28),'Borang Negeri'!H28,E112) -> 2146 | F77: =IF(ISNUMBER('Borang Negeri'!I28),'Borang Negeri'!I28,F112) -> 1508 | G77: =IF(ISNUMBER('Borang Negeri'!J28),'Borang Negeri'!J28,G112) -> 1223 | M77: Kertas Cadangan v2.3: L3 (Sarawak, Perak); anggaran L4 (Johor, Sabah; Sabah belum disahkan). Borang B15 menggantikan jika diisi.
A79: D. NILAI GUNA (dipacu suis Sumber garis asas). Sheet skor merujuk blok ini sahaja.
A80: 1.1 | B80: Pendidikan Awal Kanak-Kanak | C80: Bilangan kelas TABIKA | D80: =IF(AND(P_SUMBER="Nasional",ISNUMBER(D30)),D30,IF(ISNUMBER(D55),D55,IF(ISNUMBER(D30),D30,"[BELUM ADA]"))) -> 1300 | E80: =IF(AND(P_SUMBER="Nasional",ISNUMBER(E30)),E30,IF(ISNUMBER(E55),E55,IF(ISNUMBER(E30),E30,"[BELUM ADA]"))) -> 1402 | F80: =IF(AND(P_SUMBER="Nasional",ISNUMBER(F30)),F30,IF(ISNUMBER(F55),F55,IF(ISNUMBER(F30),F30,"[BELUM ADA]"))) -> 1162 | G80: =IF(AND(P_SUMBER="Nasional",ISNUMBER(G30)),G30,IF(ISNUMBER(G55),G55,IF(ISNUMBER(G30),G30,"[BELUM ADA]"))) -> 804 | H80: =IF(AND(P_SUMBER="Nasional",ISNUMBER(H30)),H30,IF(ISNUMBER(H5),H5,IF(ISNUMBER(H30),H30,"[TIADA DATA HQ]"))) -> 1049 | I80: =IF(AND(P_SUMBER="Nasional",ISNUMBER(I30)),I30,IF(ISNUMBER(I5),I5,IF(ISNUMBER(I30),I30,"[TIADA DATA HQ]"))) -> 803 | J80: =IF(AND(P_SUMBER="Nasional",ISNUMBER(J30)),J30,IF(ISNUMBER(J5),J5,IF(ISNUMBER(J30),J30,"[TIADA DATA HQ]"))) -> 879 | K80: =IF(AND(P_SUMBER="Nasional",ISNUMBER(K30)),K30,IF(ISNUMBER(K5),K5,IF(ISNUMBER(K30),K30,"[TIADA DATA HQ]"))) -> 839 | L80: =IF(AND(P_SUMBER="Nasional",ISNUMBER(L30)),L30,IF(ISNUMBER(L5),L5,IF(ISNUMBER(L30),L30,"[TIADA DATA HQ]"))) -> 733 | M80: =IF(COUNT(D30:L30)=0,"Tiada sumber nasional: negeri sederhana guna HQ, negeri besar guna data negeri",IF(P_SUMBER="Nasional","Sumber nasional untuk semua 9 negeri","Negeri sederhana guna HQ; negeri besar guna data negeri jika ada, jika tidak sumber nasional")) -> Sumber nasional untuk semua 9 negeri
A81: 1.2 | B81: Pendidikan Awal Kanak-Kanak | C81: Bilangan kelas TASKA | D81: =IF(AND(P_SUMBER="Nasional",ISNUMBER(D31)),D31,IF(ISNUMBER(D56),D56,IF(ISNUMBER(D31),D31,"[BELUM ADA]"))) -> 85 | E81: =IF(AND(P_SUMBER="Nasional",ISNUMBER(E31)),E31,IF(ISNUMBER(E56),E56,IF(ISNUMBER(E31),E31,"[BELUM ADA]"))) -> 67 | F81: =IF(AND(P_SUMBER="Nasional",ISNUMBER(F31)),F31,IF(ISNUMBER(F56),F56,IF(ISNUMBER(F31),F31,"[BELUM ADA]"))) -> 59 | G81: =IF(AND(P_SUMBER="Nasional",ISNUMBER(G31)),G31,IF(ISNUMBER(G56),G56,IF(ISNUMBER(G31),G31,"[BELUM ADA]"))) -> 44 | H81: =IF(AND(P_SUMBER="Nasional",ISNUMBER(H31)),H31,IF(ISNUMBER(H6),H6,IF(ISNUMBER(H31),H31,"[TIADA DATA HQ]"))) -> 38 | I81: =IF(AND(P_SUMBER="Nasional",ISNUMBER(I31)),I31,IF(ISNUMBER(I6),I6,IF(ISNUMBER(I31),I31,"[TIADA DATA HQ]"))) -> 56 | J81: =IF(AND(P_SUMBER="Nasional",ISNUMBER(J31)),J31,IF(ISNUMBER(J6),J6,IF(ISNUMBER(J31),J31,"[TIADA DATA HQ]"))) -> 36 | K81: =IF(AND(P_SUMBER="Nasional",ISNUMBER(K31)),K31,IF(ISNUMBER(K6),K6,IF(ISNUMBER(K31),K31,"[TIADA DATA HQ]"))) -> 31 | L81: =IF(AND(P_SUMBER="Nasional",ISNUMBER(L31)),L31,IF(ISNUMBER(L6),L6,IF(ISNUMBER(L31),L31,"[TIADA DATA HQ]"))) -> 37 | M81: =IF(COUNT(D31:L31)=0,"Tiada sumber nasional: negeri sederhana guna HQ, negeri besar guna data negeri",IF(P_SUMBER="Nasional","Sumber nasional untuk semua 9 negeri","Negeri sederhana guna HQ; negeri besar guna data negeri jika ada, jika tidak sumber nasional")) -> Sumber nasional untuk semua 9 negeri
A82: 1.3 | B82: Pendidikan Awal Kanak-Kanak | C82: Bilangan guru TABIKA | D82: =IF(AND(P_SUMBER="Nasional",ISNUMBER(D32)),D32,IF(ISNUMBER(D57),D57,IF(ISNUMBER(D32),D32,"[BELUM ADA]"))) -> 1291 | E82: =IF(AND(P_SUMBER="Nasional",ISNUMBER(E32)),E32,IF(ISNUMBER(E57),E57,IF(ISNUMBER(E32),E32,"[BELUM ADA]"))) -> 1349 | F82: =IF(AND(P_SUMBER="Nasional",ISNUMBER(F32)),F32,IF(ISNUMBER(F57),F57,IF(ISNUMBER(F32),F32,"[BELUM ADA]"))) -> 1043 | G82: =IF(AND(P_SUMBER="Nasional",ISNUMBER(G32)),G32,IF(ISNUMBER(G57),G57,IF(ISNUMBER(G32),G32,"[BELUM ADA]"))) -> 757 | H82: =IF(AND(P_SUMBER="Nasional",ISNUMBER(H32)),H32,IF(ISNUMBER(H7),H7,IF(ISNUMBER(H32),H32,"[TIADA DATA HQ]"))) -> 947 | I82: =IF(AND(P_SUMBER="Nasional",ISNUMBER(I32)),I32,IF(ISNUMBER(I7),I7,IF(ISNUMBER(I32),I32,"[TIADA DATA HQ]"))) -> 756 | J82: =IF(AND(P_SUMBER="Nasional",ISNUMBER(J32)),J32,IF(ISNUMBER(J7),J7,IF(ISNUMBER(J32),J32,"[TIADA DATA HQ]"))) -> 834 | K82: =IF(AND(P_SUMBER="Nasional",ISNUMBER(K32)),K32,IF(ISNUMBER(K7),K7,IF(ISNUMBER(K32),K32,"[TIADA DATA HQ]"))) -> 825 | L82: =IF(AND(P_SUMBER="Nasional",ISNUMBER(L32)),L32,IF(ISNUMBER(L7),L7,IF(ISNUMBER(L32),L32,"[TIADA DATA HQ]"))) -> 733 | M82: =IF(COUNT(D32:L32)=0,"Tiada sumber nasional: negeri sederhana guna HQ, negeri besar guna data negeri",IF(P_SUMBER="Nasional","Sumber nasional untuk semua 9 negeri","Negeri sederhana guna HQ; negeri besar guna data negeri jika ada, jika tidak sumber nasional")) -> Sumber nasional untuk semua 9 negeri
A83: 1.4 | B83: Pendidikan Awal Kanak-Kanak | C83: Bilangan guru TASKA | D83: =IF(AND(P_SUMBER="Nasional",ISNUMBER(D33)),D33,IF(ISNUMBER(D58),D58,IF(ISNUMBER(D33),D33,"[BELUM ADA]"))) -> 249 | E83: =IF(AND(P_SUMBER="Nasional",ISNUMBER(E33)),E33,IF(ISNUMBER(E58),E58,IF(ISNUMBER(E33),E33,"[BELUM ADA]"))) -> 206 | F83: =IF(AND(P_SUMBER="Nasional",ISNUMBER(F33)),F33,IF(ISNUMBER(F58),F58,IF(ISNUMBER(F33),F33,"[BELUM ADA]"))) -> 179 | G83: =IF(AND(P_SUMBER="Nasional",ISNUMBER(G33)),G33,IF(ISNUMBER(G58),G58,IF(ISNUMBER(G33),G33,"[BELUM ADA]"))) -> 149 | H83: =IF(AND(P_SUMBER="Nasional",ISNUMBER(H33)),H33,IF(ISNUMBER(H8),H8,IF(ISNUMBER(H33),H33,"[TIADA DATA HQ]"))) -> 168 | I83: =IF(AND(P_SUMBER="Nasional",ISNUMBER(I33)),I33,IF(ISNUMBER(I8),I8,IF(ISNUMBER(I33),I33,"[TIADA DATA HQ]"))) -> 197 | J83: =IF(AND(P_SUMBER="Nasional",ISNUMBER(J33)),J33,IF(ISNUMBER(J8),J8,IF(ISNUMBER(J33),J33,"[TIADA DATA HQ]"))) -> 117 | K83: =IF(AND(P_SUMBER="Nasional",ISNUMBER(K33)),K33,IF(ISNUMBER(K8),K8,IF(ISNUMBER(K33),K33,"[TIADA DATA HQ]"))) -> 104 | L83: =IF(AND(P_SUMBER="Nasional",ISNUMBER(L33)),L33,IF(ISNUMBER(L8),L8,IF(ISNUMBER(L33),L33,"[TIADA DATA HQ]"))) -> 115 | M83: =IF(COUNT(D33:L33)=0,"Tiada sumber nasional: negeri sederhana guna HQ, negeri besar guna data negeri",IF(P_SUMBER="Nasional","Sumber nasional untuk semua 9 negeri","Negeri sederhana guna HQ; negeri besar guna data negeri jika ada, jika tidak sumber nasional")) -> Sumber nasional untuk semua 9 negeri
A84: 1.5 | B84: Pendidikan Awal Kanak-Kanak | C84: Bilangan pembantu | D84: =IF(AND(P_SUMBER="Nasional",ISNUMBER(D34)),D34,IF(ISNUMBER(D59),D59,IF(ISNUMBER(D34),D34,"[BELUM ADA]"))) -> 1263 | E84: =IF(AND(P_SUMBER="Nasional",ISNUMBER(E34)),E34,IF(ISNUMBER(E59),E59,IF(ISNUMBER(E34),E34,"[BELUM ADA]"))) -> 1465 | F84: =IF(AND(P_SUMBER="Nasional",ISNUMBER(F34)),F34,IF(ISNUMBER(F59),F59,IF(ISNUMBER(F34),F34,"[BELUM ADA]"))) -> 1223 | G84: =IF(AND(P_SUMBER="Nasional",ISNUMBER(G34)),G34,IF(ISNUMBER(G59),G59,IF(ISNUMBER(G34),G34,"[BELUM ADA]"))) -> 849 | H84: =IF(AND(P_SUMBER="Nasional",ISNUMBER(H34)),H34,IF(ISNUMBER(H9),H9,IF(ISNUMBER(H34),H34,"[TIADA DATA HQ]"))) -> 1081 | I84: =IF(AND(P_SUMBER="Nasional",ISNUMBER(I34)),I34,IF(ISNUMBER(I9),I9,IF(ISNUMBER(I34),I34,"[TIADA DATA HQ]"))) -> 860 | J84: =IF(AND(P_SUMBER="Nasional",ISNUMBER(J34)),J34,IF(ISNUMBER(J9),J9,IF(ISNUMBER(J34),J34,"[TIADA DATA HQ]"))) -> 914 | K84: =IF(AND(P_SUMBER="Nasional",ISNUMBER(K34)),K34,IF(ISNUMBER(K9),K9,IF(ISNUMBER(K34),K34,"[TIADA DATA HQ]"))) -> 837 | L84: =IF(AND(P_SUMBER="Nasional",ISNUMBER(L34)),L34,IF(ISNUMBER(L9),L9,IF(ISNUMBER(L34),L34,"[TIADA DATA HQ]"))) -> 771 | M84: =IF(COUNT(D34:L34)=0,"Tiada sumber nasional: negeri sederhana guna HQ, negeri besar guna data negeri",IF(P_SUMBER="Nasional","Sumber nasional untuk semua 9 negeri","Negeri sederhana guna HQ; negeri besar guna data negeri jika ada, jika tidak sumber nasional")) -> Tiada sumber nasional: negeri sederhana guna HQ, negeri besar guna data negeri
A85: 1.6 | B85: Pendidikan Awal Kanak-Kanak | C85: Bilangan murid TABIKA | D85: =IF(AND(P_SUMBER="Nasional",ISNUMBER(D35)),D35,IF(ISNUMBER(D60),D60,IF(ISNUMBER(D35),D35,"[BELUM ADA]"))) -> 16243 | E85: =IF(AND(P_SUMBER="Nasional",ISNUMBER(E35)),E35,IF(ISNUMBER(E60),E60,IF(ISNUMBER(E35),E35,"[BELUM ADA]"))) -> 26211 | F85: =IF(AND(P_SUMBER="Nasional",ISNUMBER(F35)),F35,IF(ISNUMBER(F60),F60,IF(ISNUMBER(F35),F35,"[BELUM ADA]"))) -> 23984 | G85: =IF(AND(P_SUMBER="Nasional",ISNUMBER(G35)),G35,IF(ISNUMBER(G60),G60,IF(ISNUMBER(G35),G35,"[BELUM ADA]"))) -> 15211 | H85: =IF(AND(P_SUMBER="Nasional",ISNUMBER(H35)),H35,IF(ISNUMBER(H10),H10,IF(ISNUMBER(H35),H35,"[TIADA DATA HQ]"))) -> 25695 | I85: =IF(AND(P_SUMBER="Nasional",ISNUMBER(I35)),I35,IF(ISNUMBER(I10),I10,IF(ISNUMBER(I35),I35,"[TIADA DATA HQ]"))) -> 16794 | J85: =IF(AND(P_SUMBER="Nasional",ISNUMBER(J35)),J35,IF(ISNUMBER(J10),J10,IF(ISNUMBER(J35),J35,"[TIADA DATA HQ]"))) -> 15647 | K85: =IF(AND(P_SUMBER="Nasional",ISNUMBER(K35)),K35,IF(ISNUMBER(K10),K10,IF(ISNUMBER(K35),K35,"[TIADA DATA HQ]"))) -> 18258 | L85: =IF(AND(P_SUMBER="Nasional",ISNUMBER(L35)),L35,IF(ISNUMBER(L10),L10,IF(ISNUMBER(L35),L35,"[TIADA DATA HQ]"))) -> 15723 | M85: =IF(COUNT(D35:L35)=0,"Tiada sumber nasional: negeri sederhana guna HQ, negeri besar guna data negeri",IF(P_SUMBER="Nasional","Sumber nasional untuk semua 9 negeri","Negeri sederhana guna HQ; negeri besar guna data negeri jika ada, jika tidak sumber nasional")) -> Tiada sumber nasional: negeri sederhana guna HQ, negeri besar guna data negeri
A86: 1.7 | B86: Pendidikan Awal Kanak-Kanak | C86: Bilangan murid TASKA | D86: =IF(AND(P_SUMBER="Nasional",ISNUMBER(D36)),D36,IF(ISNUMBER(D61),D61,IF(ISNUMBER(D36),D36,"[BELUM ADA]"))) -> 1209 | E86: =IF(AND(P_SUMBER="Nasional",ISNUMBER(E36)),E36,IF(ISNUMBER(E61),E61,IF(ISNUMBER(E36),E36,"[BELUM ADA]"))) -> 1397 | F86: =IF(AND(P_SUMBER="Nasional",ISNUMBER(F36)),F36,IF(ISNUMBER(F61),F61,IF(ISNUMBER(F36),F36,"[BELUM ADA]"))) -> 1104 | G86: =IF(AND(P_SUMBER="Nasional",ISNUMBER(G36)),G36,IF(ISNUMBER(G61),G61,IF(ISNUMBER(G36),G36,"[BELUM ADA]"))) -> 878 | H86: =IF(AND(P_SUMBER="Nasional",ISNUMBER(H36)),H36,IF(ISNUMBER(H11),H11,IF(ISNUMBER(H36),H36,"[TIADA DATA HQ]"))) -> 804 | I86: =IF(AND(P_SUMBER="Nasional",ISNUMBER(I36)),I36,IF(ISNUMBER(I11),I11,IF(ISNUMBER(I36),I36,"[TIADA DATA HQ]"))) -> 1148 | J86: =IF(AND(P_SUMBER="Nasional",ISNUMBER(J36)),J36,IF(ISNUMBER(J11),J11,IF(ISNUMBER(J36),J36,"[TIADA DATA HQ]"))) -> 716 | K86: =IF(AND(P_SUMBER="Nasional",ISNUMBER(K36)),K36,IF(ISNUMBER(K11),K11,IF(ISNUMBER(K36),K36,"[TIADA DATA HQ]"))) -> 594 | L86: =IF(AND(P_SUMBER="Nasional",ISNUMBER(L36)),L36,IF(ISNUMBER(L11),L11,IF(ISNUMBER(L36),L36,"[TIADA DATA HQ]"))) -> 717 | M86: =IF(COUNT(D36:L36)=0,"Tiada sumber nasional: negeri sederhana guna HQ, negeri besar guna data negeri",IF(P_SUMBER="Nasional","Sumber nasional untuk semua 9 negeri","Negeri sederhana guna HQ; negeri besar guna data negeri jika ada, jika tidak sumber nasional")) -> Tiada sumber nasional: negeri sederhana guna HQ, negeri besar guna data negeri
A87: 1.8 | B87: Pendidikan Awal Kanak-Kanak | C87: Bilangan penyelia daerah | D87: =IF(AND(P_SUMBER="Nasional",ISNUMBER(D37)),D37,IF(ISNUMBER(D62),D62,IF(ISNUMBER(D37),D37,"[BELUM ADA]"))) -> 37 | E87: =IF(AND(P_SUMBER="Nasional",ISNUMBER(E37)),E37,IF(ISNUMBER(E62),E62,IF(ISNUMBER(E37),E37,"[BELUM ADA]"))) -> 36 | F87: =IF(AND(P_SUMBER="Nasional",ISNUMBER(F37)),F37,IF(ISNUMBER(F62),F62,IF(ISNUMBER(F37),F37,"[BELUM ADA]"))) -> 20 | G87: =IF(AND(P_SUMBER="Nasional",ISNUMBER(G37)),G37,IF(ISNUMBER(G62),G62,IF(ISNUMBER(G37),G37,"[BELUM ADA]"))) -> 21 | H87: =IF(AND(P_SUMBER="Nasional",ISNUMBER(H37)),H37,IF(ISNUMBER(H12),H12,IF(ISNUMBER(H37),H37,"[TIADA DATA HQ]"))) -> 18 | I87: =IF(AND(P_SUMBER="Nasional",ISNUMBER(I37)),I37,IF(ISNUMBER(I12),I12,IF(ISNUMBER(I37),I37,"[TIADA DATA HQ]"))) -> 15 | J87: =IF(AND(P_SUMBER="Nasional",ISNUMBER(J37)),J37,IF(ISNUMBER(J12),J12,IF(ISNUMBER(J37),J37,"[TIADA DATA HQ]"))) -> 19 | K87: =IF(AND(P_SUMBER="Nasional",ISNUMBER(K37)),K37,IF(ISNUMBER(K12),K12,IF(ISNUMBER(K37),K37,"[TIADA DATA HQ]"))) -> 16 | L87: =IF(AND(P_SUMBER="Nasional",ISNUMBER(L37)),L37,IF(ISNUMBER(L12),L12,IF(ISNUMBER(L37),L37,"[TIADA DATA HQ]"))) -> 17 | M87: =IF(COUNT(D37:L37)=0,"Tiada sumber nasional: negeri sederhana guna HQ, negeri besar guna data negeri",IF(P_SUMBER="Nasional","Sumber nasional untuk semua 9 negeri","Negeri sederhana guna HQ; negeri besar guna data negeri jika ada, jika tidak sumber nasional")) -> Sumber nasional untuk semua 9 negeri
A88: 2.1 | B88: Kemahiran | C88: Bilangan kelas | D88: =IF(AND(P_SUMBER="Nasional",ISNUMBER(D38)),D38,IF(ISNUMBER(D63),D63,IF(ISNUMBER(D38),D38,"[BELUM ADA]"))) -> 158 | E88: =IF(AND(P_SUMBER="Nasional",ISNUMBER(E38)),E38,IF(ISNUMBER(E63),E63,IF(ISNUMBER(E38),E38,"[BELUM ADA]"))) -> 230 | F88: =IF(AND(P_SUMBER="Nasional",ISNUMBER(F38)),F38,IF(ISNUMBER(F63),F63,IF(ISNUMBER(F38),F38,"[BELUM ADA]"))) -> 201 | G88: =IF(AND(P_SUMBER="Nasional",ISNUMBER(G38)),G38,IF(ISNUMBER(G63),G63,IF(ISNUMBER(G38),G38,"[BELUM ADA]"))) -> 190 | H88: =IF(AND(P_SUMBER="Nasional",ISNUMBER(H38)),H38,IF(ISNUMBER(H13),H13,IF(ISNUMBER(H38),H38,"[TIADA DATA HQ]"))) -> 120 | I88: =IF(AND(P_SUMBER="Nasional",ISNUMBER(I38)),I38,IF(ISNUMBER(I13),I13,IF(ISNUMBER(I38),I38,"[TIADA DATA HQ]"))) -> 63 | J88: =IF(AND(P_SUMBER="Nasional",ISNUMBER(J38)),J38,IF(ISNUMBER(J13),J13,IF(ISNUMBER(J38),J38,"[TIADA DATA HQ]"))) -> 155 | K88: =IF(AND(P_SUMBER="Nasional",ISNUMBER(K38)),K38,IF(ISNUMBER(K13),K13,IF(ISNUMBER(K38),K38,"[TIADA DATA HQ]"))) -> 91 | L88: =IF(AND(P_SUMBER="Nasional",ISNUMBER(L38)),L38,IF(ISNUMBER(L13),L13,IF(ISNUMBER(L38),L38,"[TIADA DATA HQ]"))) -> 111 | M88: =IF(COUNT(D38:L38)=0,"Tiada sumber nasional: negeri sederhana guna HQ, negeri besar guna data negeri",IF(P_SUMBER="Nasional","Sumber nasional untuk semua 9 negeri","Negeri sederhana guna HQ; negeri besar guna data negeri jika ada, jika tidak sumber nasional")) -> Sumber nasional untuk semua 9 negeri
A89: 2.2 | B89: Kemahiran | C89: Bilangan program / aktiviti | D89: =IF(AND(P_SUMBER="Nasional",ISNUMBER(D39)),D39,IF(ISNUMBER(D64),D64,IF(ISNUMBER(D39),D39,"[BELUM ADA]"))) -> 125 | E89: =IF(AND(P_SUMBER="Nasional",ISNUMBER(E39)),E39,IF(ISNUMBER(E64),E64,IF(ISNUMBER(E39),E39,"[BELUM ADA]"))) -> 230 | F89: =IF(AND(P_SUMBER="Nasional",ISNUMBER(F39)),F39,IF(ISNUMBER(F64),F64,IF(ISNUMBER(F39),F39,"[BELUM ADA]"))) -> 278 | G89: =IF(AND(P_SUMBER="Nasional",ISNUMBER(G39)),G39,IF(ISNUMBER(G64),G64,IF(ISNUMBER(G39),G39,"[BELUM ADA]"))) -> 159 | H89: =IF(AND(P_SUMBER="Nasional",ISNUMBER(H39)),H39,IF(ISNUMBER(H14),H14,IF(ISNUMBER(H39),H39,"[TIADA DATA HQ]"))) -> 165 | I89: =IF(AND(P_SUMBER="Nasional",ISNUMBER(I39)),I39,IF(ISNUMBER(I14),I14,IF(ISNUMBER(I39),I39,"[TIADA DATA HQ]"))) -> 52 | J89: =IF(AND(P_SUMBER="Nasional",ISNUMBER(J39)),J39,IF(ISNUMBER(J14),J14,IF(ISNUMBER(J39),J39,"[TIADA DATA HQ]"))) -> 163 | K89: =IF(AND(P_SUMBER="Nasional",ISNUMBER(K39)),K39,IF(ISNUMBER(K14),K14,IF(ISNUMBER(K39),K39,"[TIADA DATA HQ]"))) -> 82 | L89: =IF(AND(P_SUMBER="Nasional",ISNUMBER(L39)),L39,IF(ISNUMBER(L14),L14,IF(ISNUMBER(L39),L39,"[TIADA DATA HQ]"))) -> 100 | M89: =IF(COUNT(D39:L39)=0,"Tiada sumber nasional: negeri sederhana guna HQ, negeri besar guna data negeri",IF(P_SUMBER="Nasional","Sumber nasional untuk semua 9 negeri","Negeri sederhana guna HQ; negeri besar guna data negeri jika ada, jika tidak sumber nasional")) -> Tiada sumber nasional: negeri sederhana guna HQ, negeri besar guna data negeri
A90: 2.3 | B90: Kemahiran | C90: Bilangan guru | D90: =IF(AND(P_SUMBER="Nasional",ISNUMBER(D40)),D40,IF(ISNUMBER(D65),D65,IF(ISNUMBER(D40),D40,"[BELUM ADA]"))) -> 68 | E90: =IF(AND(P_SUMBER="Nasional",ISNUMBER(E40)),E40,IF(ISNUMBER(E65),E65,IF(ISNUMBER(E40),E40,"[BELUM ADA]"))) -> 112 | F90: =IF(AND(P_SUMBER="Nasional",ISNUMBER(F40)),F40,IF(ISNUMBER(F65),F65,IF(ISNUMBER(F40),F40,"[BELUM ADA]"))) -> 88 | G90: =IF(AND(P_SUMBER="Nasional",ISNUMBER(G40)),G40,IF(ISNUMBER(G65),G65,IF(ISNUMBER(G40),G40,"[BELUM ADA]"))) -> 92 | H90: =IF(AND(P_SUMBER="Nasional",ISNUMBER(H40)),H40,IF(ISNUMBER(H15),H15,IF(ISNUMBER(H40),H40,"[TIADA DATA HQ]"))) -> 63 | I90: =IF(AND(P_SUMBER="Nasional",ISNUMBER(I40)),I40,IF(ISNUMBER(I15),I15,IF(ISNUMBER(I40),I40,"[TIADA DATA HQ]"))) -> 59 | J90: =IF(AND(P_SUMBER="Nasional",ISNUMBER(J40)),J40,IF(ISNUMBER(J15),J15,IF(ISNUMBER(J40),J40,"[TIADA DATA HQ]"))) -> 62 | K90: =IF(AND(P_SUMBER="Nasional",ISNUMBER(K40)),K40,IF(ISNUMBER(K15),K15,IF(ISNUMBER(K40),K40,"[TIADA DATA HQ]"))) -> 59 | L90: =IF(AND(P_SUMBER="Nasional",ISNUMBER(L40)),L40,IF(ISNUMBER(L15),L15,IF(ISNUMBER(L40),L40,"[TIADA DATA HQ]"))) -> 58 | M90: =IF(COUNT(D40:L40)=0,"Tiada sumber nasional: negeri sederhana guna HQ, negeri besar guna data negeri",IF(P_SUMBER="Nasional","Sumber nasional untuk semua 9 negeri","Negeri sederhana guna HQ; negeri besar guna data negeri jika ada, jika tidak sumber nasional")) -> Sumber nasional untuk semua 9 negeri
A91: 2.4 | B91: Kemahiran | C91: Bilangan peserta | D91: =IF(AND(P_SUMBER="Nasional",ISNUMBER(D41)),D41,IF(ISNUMBER(D66),D66,IF(ISNUMBER(D41),D41,"[BELUM ADA]"))) -> 2496 | E91: =IF(AND(P_SUMBER="Nasional",ISNUMBER(E41)),E41,IF(ISNUMBER(E66),E66,IF(ISNUMBER(E41),E41,"[BELUM ADA]"))) -> 4081 | F91: =IF(AND(P_SUMBER="Nasional",ISNUMBER(F41)),F41,IF(ISNUMBER(F66),F66,IF(ISNUMBER(F41),F41,"[BELUM ADA]"))) -> 2842 | G91: =IF(AND(P_SUMBER="Nasional",ISNUMBER(G41)),G41,IF(ISNUMBER(G66),G66,IF(ISNUMBER(G41),G41,"[BELUM ADA]"))) -> 3261 | H91: =IF(AND(P_SUMBER="Nasional",ISNUMBER(H41)),H41,IF(ISNUMBER(H16),H16,IF(ISNUMBER(H41),H41,"[TIADA DATA HQ]"))) -> 1032 | I91: =IF(AND(P_SUMBER="Nasional",ISNUMBER(I41)),I41,IF(ISNUMBER(I16),I16,IF(ISNUMBER(I41),I41,"[TIADA DATA HQ]"))) -> 1107 | J91: =IF(AND(P_SUMBER="Nasional",ISNUMBER(J41)),J41,IF(ISNUMBER(J16),J16,IF(ISNUMBER(J41),J41,"[TIADA DATA HQ]"))) -> 2489 | K91: =IF(AND(P_SUMBER="Nasional",ISNUMBER(K41)),K41,IF(ISNUMBER(K16),K16,IF(ISNUMBER(K41),K41,"[TIADA DATA HQ]"))) -> 1071 | L91: =IF(AND(P_SUMBER="Nasional",ISNUMBER(L41)),L41,IF(ISNUMBER(L16),L16,IF(ISNUMBER(L41),L41,"[TIADA DATA HQ]"))) -> 1638 | M91: =IF(COUNT(D41:L41)=0,"Tiada sumber nasional: negeri sederhana guna HQ, negeri besar guna data negeri",IF(P_SUMBER="Nasional","Sumber nasional untuk semua 9 negeri","Negeri sederhana guna HQ; negeri besar guna data negeri jika ada, jika tidak sumber nasional")) -> Sumber nasional untuk semua 9 negeri
... A102: 4.7 | B102: Pengurusan | C102: Perjawatan / pengurusan pegawai | D102: =IF(AND(P_SUMBER="Nasional",ISNUMBER(D52)),D52,IF(ISNUMBER(D77),D77,IF(ISNUMBER(D52),D52,"[BELUM ADA]"))) -> 2032 | E102: =IF(AND(P_SUMBER="Nasional",ISNUMBER(E52)),E52,IF(ISNUMBER(E77),E77,IF(ISNUMBER(E52),E52,"[BELUM ADA]"))) -> 2146 | F102: =IF(AND(P_SUMBER="Nasional",ISNUMBER(F52)),F52,IF(ISNUMBER(F77),F77,IF(ISNUMBER(F52),F52,"[BELUM ADA]"))) -> 1508 | G102: =IF(AND(P_SUMBER="Nasional",ISNUMBER(G52)),G52,IF(ISNUMBER(G77),G77,IF(ISNUMBER(G52),G52,"[BELUM ADA]"))) -> 1223 | H102: =IF(AND(P_SUMBER="Nasional",ISNUMBER(H52)),H52,IF(ISNUMBER(H27),H27,IF(ISNUMBER(H52),H52,"[TIADA DATA HQ]"))) -> 1328 | I102: =IF(AND(P_SUMBER="Nasional",ISNUMBER(I52)),I52,IF(ISNUMBER(I27),I27,IF(ISNUMBER(I52),I52,"[TIADA DATA HQ]"))) -> 1159 | J102: =IF(AND(P_SUMBER="Nasional",ISNUMBER(J52)),J52,IF(ISNUMBER(J27),J27,IF(ISNUMBER(J52),J52,"[TIADA DATA HQ]"))) -> 1187 | K102: =IF(AND(P_SUMBER="Nasional",ISNUMBER(K52)),K52,IF(ISNUMBER(K27),K27,IF(ISNUMBER(K52),K52,"[TIADA DATA HQ]"))) -> 1313 | L102: =IF(AND(P_SUMBER="Nasional",ISNUMBER(L52)),L52,IF(ISNUMBER(L27),L27,IF(ISNUMBER(L52),L52,"[TIADA DATA HQ]"))) -> 910 | M102: =IF(COUNT(D52:L52)=0,"Tiada sumber nasional: negeri sederhana guna HQ, negeri besar guna data negeri",IF(P_SUMBER="Nasional","Sumber nasional untuk semua 9 negeri","Negeri sederhana guna HQ; negeri besar guna data negeri jika ada, jika tidak sumber nasional")) -> Tiada sumber nasional: negeri sederhana guna HQ, negeri besar guna data negeri
A104: E. GEOGRAFI (Senario B)
A105: G.1 | B105: Geografi | C105: Keluasan kawasan (km²) | D105: 124450 | E105: 73904 | F105: 19210 | G105: 21035 | H105: 8104 | I105: 9500 | J105: 36137 | K105: 13035 | L105: 15099 | M105: Negeri besar: Kertas Cadangan v2.3 Jadual 5. Negeri sederhana: Wikipedia, States and federal territories of Malaysia. Alternatif: Sabah 73,631 (Wikipedia); Johor 19,730 (L1 Johor).
A107: F. INPUT BANTUAN DAN SEMAKAN KUALITI DATA
A108: F | B108: Sabah L1: jumlah kampung DUN yang ada data | E108: 2558 | M108: L1 Sabah: Papar, Tenom, Sandakan dan Lahad Datu kosong; kampung Semporna kosong. Had bawah.
A109: F | B109: Sabah L1: jumlah penduduk DUN yang ada data | E109: 2097551 | M109: L1 Sabah (nilai 52'812 dan 148'791 dibaca 52,812 dan 148,791). Had bawah.
A110: F | B110: Sabah: status data kampung | E110: =IF(COUNT('Borang Negeri'!G32:G36)=5,"Lengkap","Had bawah") -> Had bawah | M110: Lengkap apabila 5 daerah diisi dalam Borang bahagian B.
A111: F | B111: Sabah: status data penduduk (L1) | E111: =IF(COUNT('Borang Negeri'!H32:H35)=4,"Lengkap","Had bawah") -> Had bawah | M111: Lengkap apabila 4 daerah diisi dalam Borang bahagian B.
A112: F | B112: Perjawatan: jumlah personel (Kertas Cadangan) | D112: 2032 | E112: 2146 | F112: 1508 | G112: 1223 | M112: Sarawak 2,032 dan Perak 1,223 (L3); Johor 1,508 dan Sabah 2,146 (anggaran L4, Sabah belum disahkan).
A113: F | B113: Perjawatan: status | D113: =IF(ISNUMBER('Borang Negeri'!G28),"Disahkan (Borang)","L3") -> L3 | E113: =IF(ISNUMBER('Borang Negeri'!H28),"Disahkan (Borang)","Anggaran L4") -> Anggaran L4 | F113: =IF(ISNUMBER('Borang Negeri'!I28),"Disahkan (Borang)","Anggaran L4") -> Anggaran L4 | G113: =IF(ISNUMBER('Borang Negeri'!J28),"Disahkan (Borang)","L3") -> L3 | M113: Berubah kepada Disahkan (Borang) apabila Borang B15 diisi.
A114: F | B114: DOSM 2026: penduduk (juta, dibundarkan) | D114: 2.5 | E114: 3.8 | F114: 4.2 | G114: 2.6 | H114: 7.5 | I114: 2.2 | J114: 1.7 | K114: 1.3 | L114: 1.9 | M114: Rujukan semakan: DOSM Anggaran Penduduk Semasa 2026 (keluaran 31 Julai 2026), dibundarkan 0.1 juta. Tidak digunakan dalam skor.
A115: F | B115: PKEM: kelas tanpa angka peserta (bil.) | D115: 9 | E115: 11 | F115: 0 | G115: 8 | H115: 65 | I115: 1 | J115: 22 | K115: 1 | L115: 6 | M115: Had kualiti data 2.4: peserta Selangor (65 daripada 120 kelas tanpa angka) dan Pahang mungkin terkurang.
A116: F | B116: L4: Pembantu PM gred H1 (rujukan) | D116: 19 | E116: 19 | F116: 7 | G116: 2 | M116: Tidak setara dengan takrif pembantu HQ; tidak diskor (Sabah: lajur JUMLAH L4 tidak konsisten).

Sheet Borang Negeri
A1: BORANG NEGERI: DATA TAMBAHAN UNTUK KERANGKA WAJARAN HQ
A2: Untuk diisi oleh KEMAS Negeri Sarawak, Sabah, Johor dan Perak. Hantar semula kepada urus setia Kumpulan 4. Nilai yang diisi terus dikira dalam Matriks dan skor.
A4: CARA MENGISI
A5: 1 | B5: Isi sel KUNING sahaja (satu lajur bagi setiap negeri). Sel lain mengandungi label atau formula.
A6: 2 | B6: Masukkan nombor sahaja: tanpa koma, teks, RM atau simbol (contoh: 25695, bukan "25,695 orang").
A7: 3 | B7: Jika data tiada, biarkan kosong dan nyatakan sebabnya dalam lajur Catatan negeri.
A8: 4 | B8: Ikut takrif dan tempoh rujukan dalam setiap baris supaya setara dengan data negeri sederhana dalam fail HQ.
A9: 5 | B9: Sub-kriteria dimasukkan ke dalam skor secara automatik apabila keempat-empat negeri besar mengisi baris itu dan garis asas HQ sah.
A11: BAHAGIAN A: DATA SUB-KRITERIA (negeri besar)
A12: Bil. | B12: Kod HQ | C12: Item | D12: Takrif (ikut HQ) | E12: Unit | F12: Tempoh rujukan | G12: Sarawak | H12: Sabah | I12: Johor | J12: Perak | K12: Status | L12: Catatan negeri
A13: Contoh | B13: 1.6 | C13: Bilangan murid TABIKA | D13: Jumlah murid berdaftar di semua kelas TABIKA negeri. | E13: orang | F13: Enrolmen semasa 2026 | G13: 25695 | L13: Contoh format sahaja (angka Selangor dalam fail HQ). Jangan isi baris ini.
A14: B1 | B14: 1.5 | C14: Bilangan pembantu (ikut takrif HQ) | D14: Jumlah pembantu di bawah penyeliaan TABIKA dan TASKA (Pembantu Pengasuh / PPM dan seumpamanya), setara takrif HQ (lebih kurang 1 bagi setiap kelas). | E14: orang | F14: Semasa (Sept 2026) | G14: 1263 | H14: 1465 | I14: 1223 | J14: 849 | K14: =IF(COUNT(G14:J14)=4,"Lengkap",COUNT(G14:J14)&"/4 negeri") -> Lengkap
A15: B2 | B15: 1.6 | C15: Bilangan murid TABIKA | D15: Jumlah murid berdaftar di semua kelas TABIKA negeri. | E15: orang | F15: Enrolmen semasa 2026 | G15: 16243 | H15: 26211 | I15: 23984 | J15: 15211 | K15: =IF(COUNT(G15:J15)=4,"Lengkap",COUNT(G15:J15)&"/4 negeri") -> Lengkap
A16: B3 | B16: 1.7 | C16: Bilangan murid TASKA | D16: Jumlah kanak-kanak berdaftar di semua TASKA negeri. | E16: orang | F16: Enrolmen semasa 2026 | G16: 1209 | H16: 1397 | I16: 1104 | J16: 878 | K16: =IF(COUNT(G16:J16)=4,"Lengkap",COUNT(G16:J16)&"/4 negeri") -> Lengkap
A17: B4 | B17: 2.2 | C17: Bilangan program / aktiviti kemahiran | D17: Jumlah program kemahiran yang dirancang, diselaras dan dipantau oleh negeri (selain kelas tetap PKEM). | E17: bil. | F17: Tahun 2025 (penuh) | G17: 125 | H17: 230 | I17: 278 | J17: 159 | K17: =IF(COUNT(G17:J17)=4,"Lengkap",COUNT(G17:J17)&"/4 negeri") -> Lengkap | L17: Perak: Kemas kini 23 Sept 2026 (v1.3).
A18: B5 | B18: 3.3 | C18: Bilangan aktiviti / program komuniti | D18: Jumlah aktiviti dan program pembangunan komuniti yang dilaksanakan dan dipantau. | E18: bil. | F18: Tahun 2025 (penuh) | G18: 382 | H18: 219 | I18: 217 | J18: 175 | K18: =IF(COUNT(G18:J18)=4,"Lengkap",COUNT(G18:J18)&"/4 negeri") -> Lengkap | L18: Perak: Kemas kini 23 Sept 2026 (v1.3).
A19: B6 | B19: 3.4 | C19: Bilangan peserta aktiviti / program komuniti | D19: Jumlah peserta aktiviti dan program komuniti. | E19: orang | F19: Tahun 2025 (penuh) | G19: 20010 | H19: 4313 | I19: 2546 | J19: 8500 | K19: =IF(COUNT(G19:J19)=4,"Lengkap",COUNT(G19:J19)&"/4 negeri") -> Lengkap | L19: Perak: Kemas kini 23 Sept 2026 (v1.3).
A20: B7 | B20: 4.1 | C20: Aset alih: bilangan item | D20: Jumlah item aset alih berdaftar (harta modal + aset bernilai rendah). | E20: item | F20: Daftar semasa (Sept 2026) | G20: 28630 | H20: 36669 | J20: 30408 | K20: =IF(COUNT(G20:J20)=4,"Lengkap",COUNT(G20:J20)&"/4 negeri") -> 3/4 negeri | L20: Sarawak: Data asal negeri: "28630 UNIT RM14,113,600.64". Bilangan item = 28,630; nilai RM dipindah ke B8. | Sabah: Data asal negeri: Harta Modal 1,747 kad (RM 6,992,781.19) + Aset Bernilai Rendah 34,922 kad (RM 7,955,012.18). Jumlah item = 36,669; jumlah nilai RM dipindah ke B8. | Perak: Kemas kini 23 Sept 2026 (v1.3). Data asal negeri: "30408 / RM13,265,277.43". Bilangan item = 30,408; nilai RM dipindah ke B8.
A21: B8 | B21: 4.1 | C21: Aset alih: nilai perolehan (maklumat sahaja) | D21: Jumlah nilai perolehan aset alih (harta modal + aset bernilai rendah). Tidak diskor. | E21: RM | F21: Daftar semasa (Sept 2026) | G21: 14113601 | H21: 14947793 | J21: 13265277 | K21: =IF(COUNT(G21:J21)=4,"Lengkap",COUNT(G21:J21)&"/4 negeri") -> 3/4 negeri | L21: Perak: Kemas kini 23 Sept 2026 (v1.3): nilai RM aset alih daripada data asal B7 Perak.
A22: B9 | B22: 4.2 | C22: Aset tidak alih: bilangan | D22: Jumlah premis, bangunan dan tanah di bawah tanggungjawab negeri. | E22: unit | F22: Daftar semasa (Sept 2026) | H22: 1022 | I22: 893 | J22: 367 | K22: =IF(COUNT(G22:J22)=4,"Lengkap",COUNT(G22:J22)&"/4 negeri") -> 3/4 negeri | L22: Sarawak: Data asal negeri: "Tiada jumlah negeri" - negeri belum ada angka premis keseluruhan. TIDAK diisi; perlu angka sebenar daripada negeri. | Sabah: Data asal negeri: Milikan 245 buah + Tumpang 717 buah + Sewa 60 buah. Jumlah = 1,022 premis. | Perak: Kemas kini 23 Sept 2026 (v1.3).
A23: B10 | B23: 4.3 | C23: Bajet mengurus (OE) | D23: Jumlah peruntukan mengurus negeri (termasuk agihan ke daerah). | E23: RM | F23: Peruntukan 2026 (tahun sama dengan data HQ) | G23: 6896060.2 | H23: 76816482 | I23: 101223814 | J23: 87049719 | K23: =IF(COUNT(G23:J23)=4,"Lengkap",COUNT(G23:J23)&"/4 negeri") -> Lengkap | L23: Sarawak: Data asal negeri (teks) "RM6,896,060.15"; ditukar kepada nombor. | Perak: Kemas kini 23 Sept 2026 (v1.3).
A24: B11 | B24: 4.4 | C24: Bajet pembangunan (DE) | D24: Jumlah peruntukan pembangunan negeri. | E24: RM | F24: Peruntukan 2026 (tahun sama dengan data HQ) | G24: 8351734.2 | H24: 7031639 | I24: 3911500 | J24: 3038000 | K24: =IF(COUNT(G24:J24)=4,"Lengkap",COUNT(G24:J24)&"/4 negeri") -> Lengkap | L24: Sarawak: Data asal negeri (teks) "RM8,351,734.15"; ditukar kepada nombor. | Perak: Kemas kini 23 Sept 2026 (v1.3).
A25: B12 | B25: 4.5 | C25: Bilangan baucer | D25: Jumlah baucer bayaran yang diproses bagi agihan dan pemantauan peruntukan ke daerah. | E25: bil. | F25: Tahun 2025 (penuh) | G25: 15000 | H25: 3997 | I25: 4825 | J25: 7500 | K25: =IF(COUNT(G25:J25)=4,"Lengkap",COUNT(G25:J25)&"/4 negeri") -> Lengkap | L25: Sarawak: Kemas kini 23 Sept 2026 (v1.3): 15,000. Data asal (v1.2) dihantar sebagai julat "10-15K" dan tidak diskor ketika itu; angka 15,000 kini digunakan. | Sabah: Data asal negeri: "3,997 (RM 18,764,492.38)". Bilangan = 3,997; nilai RM dipindah ke B13. | Perak: Kemas kini 23 Sept 2026 (v1.3).
A26: B13 | B26: 4.5 | C26: Nilai baucer (maklumat sahaja) | D26: Jumlah nilai baucer di atas. Tidak diskor. | E26: RM | F26: Tahun 2025 (penuh) | H26: 18764492 | K26: =IF(COUNT(G26:J26)=4,"Lengkap",COUNT(G26:J26)&"/4 negeri") -> 1/4 negeri
A27: B14 | B27: 4.6 | C27: Bilangan projek dan program | D27: Jumlah projek dan program yang sedang berjalan dan memerlukan penyelarasan, pemantauan dan pelaporan. | E27: bil. | F27: Tahun 2026 (sedang berjalan) | G27: 507 | H27: 204 | I27: 46 | J27: 450 | K27: =IF(COUNT(G27:J27)=4,"Lengkap",COUNT(G27:J27)&"/4 negeri") -> Lengkap | L27: Johor: Data asal negeri: "46 Projek, 657 PO". Hanya 46 (Projek) digunakan; "PO" tidak termasuk takrif "projek dan program" dan maksudnya belum disahkan - sila sahkan sama ada perlu dikira. | Perak: Kemas kini 23 Sept 2026 (v1.3).
A28: B15 | B28: 4.7 | C28: Pengesahan jumlah personel | D28: Jumlah semua personel negeri (tetap, kontrak dan JSKT, termasuk PM). Jika diisi, menggantikan angka Kertas Cadangan. | E28: orang | F28: Semasa (Sept 2026) | K28: =IF(COUNT(G28:J28)=4,"Lengkap",COUNT(G28:J28)&"/4 negeri") -> 0/4 negeri
A30: BAHAGIAN B: LENGKAPKAN LAMPIRAN 1 SABAH (daerah yang belum diisi)
A31: Bil. | B31: Daerah (Sabah) | G31: Bilangan kampung | H31: Anggaran penduduk | I31: Catatan
A32: 1 | B32: Papar
A33: 2 | B33: Tenom
A34: 3 | B34: Sandakan
A35: 4 | B35: Lahad Datu
A36: 5 | B36: Semporna | H36: Sudah ada dalam L1 | I36: Penduduk Semporna sudah dilaporkan dalam L1; hanya bilangan kampung kosong.
A37: Status | G37: =IF(COUNT(G32:G36)=5,"Lengkap",COUNT(G32:G36)&"/5 daerah") -> 0/5 daerah | H37: =IF(COUNT(H32:H35)=4,"Lengkap",COUNT(H32:H35)&"/4 daerah") -> 0/4 daerah
A39: BAHAGIAN C: STATUS KESELURUHAN
A40: Item bahagian A yang lengkap (4 negeri) | D40: =COUNTIF(K14:K28,"Lengkap")&" daripada "&ROWS(K14:K28)&" item" -> 10 daripada 15 item
A41: Sub-kriteria HQ yang kini diskor | D41: =COUNTIF('Skor Senario A'!H6:H28,"YA")&" daripada 23 sub-kriteria" -> 17 daripada 23 sub-kriteria
A42: Nota | D42: Item 3.4 dan 4.1 hingga 4.5 juga memerlukan HQ melengkapkan data negeri sederhana (kini kurang daripada 3 negeri) sebelum boleh diskor.

Sheet Kaedah & Sumber
A1: KAEDAH DAN SUMBER
A2: Rujukan penuh bagi pengiraan, sumber data, had dan isu dalam fail HQ. Warna jalur dan label membezakan jenis maklumat.
A4: 1. TUJUAN
A5: Menggunakan kerangka wajaran HQ (fail HQ - wajaran negeri sederhana v3, Sheet6) ke atas empat negeri besar, iaitu Sarawak, Sabah, Johor dan Perak, bagi menjustifikasikan penstrukturan perjawatan. Negeri sederhana dalam fail HQ (Selangor, Kedah, Pahang, Terengganu dan Kelantan) dijadikan garis asas perbandingan.
A7: 2. KAEDAH PENGIRAAN
A8: Warna label ikut fasa: biru = penyediaan data, hijau = pengiraan, emas = senario, oren = semakan, ungu = tafsiran.
A9: Langkah | B9: Perkara | C9: Penerangan
A10: 1 | B10: Nilai guna | C10: Setiap sub-kriteria diambil daripada sumber nasional jika ada (suis Nasional). Dengan suis Data HQ, negeri sederhana guna nilai dalam fail HQ dan negeri besar guna data negeri (L1) atau sumber nasional jika data negeri tiada.
A11: 2 | B11: Garis asas | C11: Garis asas = purata nilai guna 5 negeri sederhana. Garis asas sah hanya jika sekurang-kurangnya n negeri sederhana (parameter, lalai 3) mempunyai nilai berangka.
A12: 3 | B12: Kelayakan sub-kriteria | C12: Sub-kriteria dimasukkan ke dalam skor jika garis asas sah dan keempat-empat negeri besar mempunyai data. Syarat ini memastikan semua 9 negeri dibandingkan atas set sub-kriteria yang sama. Lajur Paksa di sheet Skor Senario A membolehkan pengecualian manual.
A13: 4 | B13: Nisbah | C13: Nisbah = nilai negeri / garis asas, dihadkan kepada parameter Had nisbah (lalai 99 = tiada had).
A14: 5 | B14: Skor kriteria | C14: Skor kriteria = purata nisbah sub-kriteria yang dimasukkan dalam kriteria itu.
A15: 6 | B15: Indeks komposit A | C15: Indeks komposit Senario A = jumlah (wajaran x skor kriteria) / jumlah wajaran kriteria yang ada skor. Wajaran HQ: PAKK 20%, Kemahiran 15%, Komuniti 15%, Pengurusan 50%.
A16: 7 | B16: Senario B | C16: Faktor keluasan kawasan (lalai 10%) ditambah dan wajaran HQ didarab (1 - 10%), iaitu PAKK 18%, Kemahiran 13.5%, Komuniti 13.5%, Pengurusan 45%. Nisbah keluasan = keluasan negeri / purata keluasan negeri sederhana.
A17: 8 | B17: Liputan berwajaran | C17: Jumlah bagi setiap kriteria: wajaran x (sub-kriteria diskor / jumlah sub-kriteria kriteria itu). Contoh: 11 daripada 23 sub-kriteria diskor memberi liputan 38.4%.
A18: 9 | B18: Indeks tanpa Pengurusan | C18: Indeks yang dikira semula atas PAKK, Kemahiran dan Komuniti sahaja (wajaran dinormalkan semula), sebagai semakan kepekaan.
A19: 10 | B19: Tafsiran | C19: Indeks 1.00 = setara purata negeri sederhana; 2.00 = dua kali ganda. Kedudukan 1 = beban tertinggi dalam kalangan 9 negeri.
A21: 3. PARAMETER (sheet Ringkasan, sel kuning)
A22: Bil. | B22: Nama sel | C22: Keterangan | E22: Nilai lalai
A23: 1 | B23: P_SUMBER | C23: Sumber garis asas: Nasional (lalai) atau Data HQ. | E23: Nasional
A24: 2 | B24: P_HAD | C24: Had nisbah maksimum (99 = tiada had; uji 3.0). | E24: 99
A25: 3 | B25: P_MINN | C25: Minimum negeri sederhana untuk garis asas sah. | E25: 3
A26: 4 | B26: W_PAKK, W_KEM, W_KOM, W_PENG | C26: Wajaran HQ bagi empat kriteria. Jumlah mesti 100%. | E26: 20% / 15% / 15% / 50%
A27: 5 | B27: W_GEO | C27: Wajaran keluasan dalam Senario B. | E27: 10%
A29: 4. SUMBER DATA
A30: Warna kod ikut jenis sumber: biru tua = HQ, hijau = sumber nasional, oren = data negeri dan Kertas Cadangan, ungu = rujukan awam.
A31: Kod | B31: Sumber | C31: Butiran | D31: Tarikh data | E31: Digunakan untuk
A32: HQ | B32: HQ - wajaran negeri sederhana v3.xlsx (Sheet6) | C32: Kerangka, sub-kriteria, wajaran dan nilai 5 negeri sederhana | D32: 2026 | E32: Wajaran; nilai sederhana (suis Data HQ)
A33: R33 | B33: BPAK: MAKLUMAT_PM_TABIKA_DAN_TASKA_21092026.xlsx | C33: Ringkasan negeri: bilangan kelas dan PM TABIKA/TASKA (gred S5 dan S1) | D33: Kemas kini Mei 2026 | E33: 1.1 hingga 1.4
A34: R34 | B34: PPPAK: SENARAI_PPPAK_4.xlsx (sheet RUMUSAN) | C34: Kuota, perjawatan dan pengisian PPPAK mengikut negeri | D34: 2026 | E34: 1.8
A35: R35 | B35: PKEM: Data_PM__Premis_PKEM_Tahun_2026.xlsx | C35: Rekod kelas (sheet PREMIS), PM (sheet PM) dan peserta; dikira secara agregat | D35: 2026 | E35: 2.1, 2.3, 2.4
A36: L1 | B36: Lampiran 1 Profil Negeri (Sarawak, Sabah, Johor, Perak) | C36: Kampung dan anggaran penduduk mengikut DUN; keluasan | D36: Bengkel 2026 | E36: 3.1; 3.2 (suis Data HQ)
A37: L3/L4 | B37: Lampiran 3 dan 4 Data Perjawatan (dipetik dalam Kertas Cadangan v2.3) | C37: Jumlah personel negeri | D37: 2026 | E37: 4.7
A38: DOSM | B38: OpenDOSM / data.gov.my: Population Table: States (population_state) | C38: Anggaran penduduk semasa 2023 (ribu), semua negeri | D38: Siri 2023 | E38: 3.2 (suis Nasional)
A39: DOSM26 | B39: DOSM: Anggaran Penduduk Semasa 2026 (keluaran 31 Julai 2026) | C39: Ringkasan penduduk negeri (juta, dibundarkan) | D39: Pertengahan 2026 | E39: Semakan sahaja
A40: KERTAS | B40: Kertas Cadangan Model Negeri Besar v2.3, Jadual 5 | C40: Keluasan 4 negeri besar (km²) | D40: 2026 | E40: Senario B
A41: WIKI | B41: Wikipedia: States and federal territories of Malaysia | C41: Keluasan negeri sederhana (km²) | D41: Dicapai Sept 2026 | E41: Senario B
A43: 5. CATATAN DAN HAD DATA
A44: Warna label ikut kategori: biru = sumber data, ungu = takrif, oren = kualiti data, merah = had bawah atau anggaran, teal = kaedah, hijau = geografi.
A45: Bil. | B45: Kategori | C45: Catatan
A46: 1 | B46: Sumber data | C46: Nilai HQ bagi negeri sederhana ialah data yang dikemukakan negeri dan tidak selalu sepadan dengan fail nasional (contoh: peserta kemahiran Kedah 234 dalam HQ berbanding 1,107 dalam PKEM; populasi Selangor 3,592,000 dalam HQ berbanding 7,205,300 dalam DOSM 2023). Suis Nasional dijadikan lalai supaya semua 9 negeri diukur dengan sumber yang sama.
A47: 2 | B47: Takrif | C47: Guru TABIKA/TASKA = jumlah PM gred S5 dan S1 (kontrak dan JSKT) dalam fail BPAK. Penyelia daerah = pengisian PPPAK (bukan kuota).
A48: 3 | B48: Takrif | C48: Kelas kemahiran = bilangan rekod kelas dalam sheet PREMIS PKEM. Lajur BIL KUMP / KELAS diisi secara tidak seragam antara negeri (contoh: 1/1, KUMP 3, -) dan tidak digunakan.
A49: 4 | B49: Kualiti data | C49: Peserta PKEM: sebahagian kelas tiada angka peserta (Selangor 65 daripada 120 kelas; Pahang 22). Garis asas nasional bagi peserta mungkin terkurang; bandingkan dengan suis Data HQ.
A50: 5 | B50: Sumber data | C50: Populasi (suis Nasional) = DOSM 2023, tahun terkini dalam siri data terbuka DOSM yang memberi angka tepat untuk semua negeri. Ringkasan DOSM 2026 (dibundarkan 0.1 juta) memberi nisbah yang hampir sama (perbezaan kurang daripada 0.03).
A51: 6 | B51: Takrif | C51: Takrif populasi HQ ialah penduduk yang menjadi kumpulan sasaran program pembangunan komuniti; negeri mentafsirkannya secara berbeza (angka HQ Selangor kira-kira separuh angka DOSM).
A52: 7 | B52: Had bawah / anggaran | C52: Sabah: kampung dan penduduk L1 ialah had bawah (Papar, Tenom, Sandakan dan Lahad Datu belum diisi; kampung Semporna kosong). Perjawatan Sabah dan Johor ialah anggaran L4; Sabah belum disahkan.
A53: 8 | B53: Takrif | C53: Pembantu (1.5): L4 negeri besar hanya merekod Pembantu PM gred H1 (Sarawak 19, Sabah lebih kurang 19, Johor 7, Perak 2), manakala nilai HQ negeri sederhana hampir 1 pembantu bagi setiap kelas. Takrif tidak setara, maka tidak diskor dan diminta melalui Borang B1.
A54: 9 | B54: Kaedah | C54: Pengurusan (50%) kini diwakili oleh perjawatan (4.7) sahaja. Perjawatan sedia ada boleh dipersoalkan sebagai ukuran beban tugas kerana bersifat kitaran (jawatan sedia ada menjustifikasikan jawatan). Indeks tanpa Pengurusan disediakan sebagai semakan kepekaan.
A55: 10 | B55: Kaedah | C55: Kampung Sarawak (6,906 kampung dan rumah panjang) memberi nisbah yang sangat tinggi berbanding purata negeri sederhana. Uji Had nisbah = 3.0 untuk melihat kesan nilai ekstrem.
A56: 11 | B56: Geografi | C56: Keluasan negeri besar ikut Kertas Cadangan (Sabah 73,904 km²; Wikipedia 73,631 km²). L1 Johor menyatakan 19,730 km² berbanding 19,210 km² dalam Kertas.
A57: 12 | B57: Kualiti data | C57: Status kelas PKEM (aktif atau tidak) tidak diambil kira kerana diisi secara berbeza antara negeri.
... A65: 20 | B65: Had bawah / anggaran | C65: Kepekaan penting: nisbah 4.6 Johor = 0.23 (46 projek berbanding purata 200) menurunkan skor Pengurusan Johor daripada 1.28 kepada 0.75 dan kedudukan Johor daripada #3 (v1.2) kepada #5, manakala Perak naik ke #3. Keputusan ini bergantung sepenuhnya pada tafsiran "46 Projek, 657 PO" Johor; jika PO perlu dikira, kedudukan Johor berubah. Sahkan dengan Johor sebelum keputusan ini digunakan.
A67: 6. ISU DALAM FAIL HQ YANG PERLU DIMAKLUMKAN
A68: Bil. | B68: Jenis isu | C68: Isu dan tindakan dalam matriks ini
A69: 1 | B69: Teks penerangan | C69: Penerangan 1.4 (guru TASKA) menyebut tenaga pembantu; dibetulkan kepada tenaga pengajar dalam matriks ini (†).
A70: 2 | B70: Teks penerangan | C70: Penerangan 3.3 (aktiviti/program komuniti) tersalin daripada Kemahiran manakala penerangan 3.4 (peserta) menerangkan aktiviti. Kedua-duanya dibetulkan dalam matriks ini (†).
A71: 3 | B71: Teks penerangan | C71: Penerangan 4.4 Bajet (DE) kosong dalam fail HQ; dilengkapkan dalam matriks ini (†).
A72: 4 | B72: Data tidak lengkap | C72: Pengurusan (50%): data negeri sederhana bagi aset alih, aset tidak alih, bajet OE/DE dan baucer hanya ada bagi 1 hingga 2 negeri. Garis asas tidak sah sehingga HQ melengkapkan data negeri sederhana; peserta komuniti (3.4) juga hanya 2 negeri.
A73: 5 | B73: Format nilai | C73: Nilai bertanda ≥ dan * dalam fail HQ (contoh ≥82*, ≥259*) dibaca sebagai angka had bawah. Nilai teks (contoh 18,258 dan 594) ditukar kepada nombor.
A74: 6 | B74: Takrif bercampur | C74: Penyelia daerah dalam HQ bercampur antara kuota dan pengisian PPPAK (Selangor 20 = kuota; Pahang 19 = pengisian; Kedah 16 tidak sepadan dengan kuota 17 atau pengisian 15).
A76: 7. SEJARAH VERSI
A77: Versi | B77: Tarikh | C77: Perubahan
A78: 1.0 | B78: 23 Sept 2026 | C78: Versi awal. Format HQ untuk 4 negeri besar, skor nisbah Senario A, Senario B keluasan, suis sumber garis asas dan borang negeri.
A79: 1.1 | B79: 23 Sept 2026 | C79: Pemurnian paparan: lebar lajur dan balutan teks tanpa limpahan, tinggi baris seragam ikut jadual, jadual naratif berwarna (catatan, petunjuk, kaedah, sumber, had dan isu HQ), penanda ringkas [BELUM ADA] dalam blok D sheet Data. Formula pengiraan dan angka tidak berubah.
A80: 1.2 | B80: 23 Sept 2026 | C80: Data negeri sebenar dimasukkan ke sheet Borang Negeri (B1-B3 lengkap 4/4; B4-B14 separa, ikut penghantaran Sarawak/Sabah/Johor/Perak Sept 2026), dengan catatan pembersihan data di lajur Catatan negeri. Bilangan kelas Kemahiran (2.1) Sabah dikemas kini kepada angka disahkan negeri. Dua item (Baucer Sarawak, Projek Johor) dikemukakan dalam format tidak tepat dan sengaja TIDAK dimasukkan ke skor - lihat bahagian 5. Tiada perubahan pada formula, wajaran atau kaedah pengiraan.
A81: 1.3 | B81: 23 Sept 2026 | C81: Kemas kini data Perak: Borang B4, B5, B6, B7 (+B8), B9, B10, B11, B12 dan B14 Perak diisi (23 Sept 2026). Bilangan Baucer Sarawak (B12) dikemas kini kepada 15,000 menggantikan julat "10-15K". Kesan: 2.2, 3.3 dan 4.6 kini diskor (17/23; liputan 60.5%); kedudukan Johor dan Perak bertukar (lihat catatan kepekaan di bahagian 5). Tiada perubahan pada formula, wajaran atau kaedah pengiraan.
